attore,stato,leva,dominio,dove_persiste,cosa_cambia,dove_ui,se_la_togliamo
admin,viva,Aggiungi un cibo al Catalogo menù,superfici_admin,"nuova riga in public.nutrition_menu_foods (canonical_key PK, fdc_id, label_it, serving_basis, pool_keys[], rotation_key, carb_family, is_meat/is_fish/is_animal_",Aggiunge davvero un alimento all'insieme da cui il V2 pesca per gli slot indicati. E' il modo canonico di arricchire il menù senza deploy.,"/admin/alimenti, «Catalogo menù» -> dialog «Aggiungi» — apps/web/components/admin/foods/AdminMenuFoodAddDialog.tsx:156-157 (POST); la ricerca del cibo di parten","E' l'unica leva admin viva sulla scelta dei cibi. Senza la UI resta la tabella, curabile solo via SQL. Se la TABELLA si svuotasse, loadMenuFoodPools torna null (menu-food-catalog-db.ts:147-150) e il motore ricade sull'allowlist hardcoded STAPLE_ALLOWLIST_BY_POOL (fdc-staple-registry.ts:227), molto p"
admin,viva,CRON_SECRET — abilita il cron di ripianificazione settimanale della nutrizione,superfici_admin,process.env,"Senza il segreto corretto la chiamata viene rifiutata (401) e la ripianificazione settimanale automatica non parte. Con esso, ogni MARTEDI' il sistema rigenera e persiste i piani della settimana successiva per gli atleti con diritto d'uso, senza intervento umano.",nessuna UI — variabile d'ambiente su Vercel,"La ripianificazione settimanale automatica smetterebbe di girare (o girerebbe senza autenticazione, a seconda di come si toglie). NB: questo cron e' anche il secondo consumatore vivo del Catalogo menù."
admin,viva,Catalogo alimenti del menù (nutrition_menu_foods),schema_db,"nutrition_menu_foods (canonical_key, fdc_id, label_it, serving_basis, pool_keys, rotation_key, carb_family, is_meat, is_fish, is_animal_product, sort_priority d","È la fonte primaria dei pool staple del motore V2: quali cibi possono entrare nel piano, in che ordine di priorità e con che chiave di rotazione settimanale.",pannello admin alimenti (/admin/alimenti),Si rompe la varietà del piano (si torna all'allowlist hardcoded). Non è una manopola dell'atleta o del coach: è la dispensa. Da tenere.
admin,viva,"Catalogo menu curato (nutrition_menu_foods, pannello /admin/alimenti)",leve_morte,"public.nutrition_menu_foods - 503 righe, 492 attive (is_active)","E la fonte primaria dei pool staple del composer: aggiungere/disattivare una riga cambia davvero quali cibi possono comparire nel piano, senza deploy.",pagina /admin/alimenti (pannello alimenti),"Il piano ricade sull'allowlist hardcoded, molto piu povera. Questa e la leva admin VIVA - l'unica del pannello admin che conti - da non confondere con nutrition_engine_config, che e nello stesso mondo ma morta."
admin,viva,Diritto d'uso dell'atleta (grants/abbonamento) — decide CHI riceve la ripianificazione automatica,superfici_admin,"public.subscription_grants (+ billing_subscriptions), risolti in entitlement",Un atleta senza entitlement viene SALTATO dal cron di ripianificazione settimanale: il suo piano nutrizionale non viene mai rigenerato automaticamente. E' una leva admin nutrizionale che non vive nel pannello Alimenti.,/admin/abbonamenti (+ /api/admin/grants) — assegna/revoca i subscription_grants,Non e' rimovibile senza ridefinire chi ha diritto ai servizi automatici; ma va sapputo che toccando gli abbonamenti si accende/spegne anche la nutrizione automatica.
admin,viva,Elimina un cibo dal Catalogo menù,superfici_admin,DELETE della riga in public.nutrition_menu_foods,"Il cibo sparisce dai pool del motore; i piani gia' persistiti restano invariati (DELETE non tocca meal_item), ma il cibo non verra' piu' scelto.","/admin/alimenti, «Catalogo menù», cestino con conferma — AdminMenuCatalogSection.tsx:196-197","Resta is_active, che ottiene lo stesso risultato in modo reversibile. Questa e' la leva piu' sacrificabile del catalogo."
admin,viva,Esclusioni di sessione + «Mostra tutte le voci» / «Azzera esclusioni sessione»,superfici_coach,NIENTE — stato React coachSessionFoodExclusions (NutritionPageView.tsx:502),Le etichette accumulate si uniscono a food_exclusions nella COSTRUZIONE della request: alla rigenerazione il motore le tratta come deny testuale. Sopravvive solo finche' la pagina resta aperta.,apps/web/modules/nutrition/views/NutritionMealPlanView.tsx:368-388 — banner «Modifiche coach: N voci nascoste» coi due bottoni di reset,Sparisce insieme a «Togli». Nessun dato persistito.
admin,viva,Gate di accesso admin (app_user_profiles.is_platform_admin),superfici_admin,public.app_user_profiles.is_platform_admin (boolean),"Decide CHI puo' azionare tutte le leve di questo dominio. Non cambia il piano di nessuno, ma controlla chi puo' cambiarlo per tutti.",nessuna UI: il flag NON e' esposto nemmeno dal pannello che imposta i ruoli (app/api/admin/users/[userId]/app-profile/route.ts dichiara di non esporlo — «solo S,Non e' rimovibile: e' la sicurezza dell'area admin.
admin,viva,"Immagine dell'alimento (upload, scelta dal bucket, URL libero)",superfici_admin,"public.fdc_food.image_url; file nel bucket storage `food-images` (root, fdc/, library/)",E' la fotografia che l'atleta vede accanto al cibo NEL PIANO (pagina Nutrizione). Non tocca in alcun modo la scelta del cibo o i grammi.,"/admin/alimenti, dialog «Modifica alimento», sezione «Immagine»: upload (AdminFoodEditDialog.tsx:159 fetch, :165 set), select dal bucket (:348-352), URL libero ",Le card del Piano tornerebbero all'icona lucide deterministica (fallback gia' previsto). Nessun impatto sul piano.
admin,viva,NEXT_PUBLIC_MEAL_PLAN_V2 / MEAL_PLAN_V2 — pannello «Anteprima V2» nella pagina Nutrizione,superfici_admin,process.env (esposta al browser dal prefisso NEXT_PUBLIC),Mostra o nasconde un pannello di anteprima/debug V2 dentro la pagina Nutrizione dell'ATLETA. Non cambia il piano vero: chiama una route dichiarata @deprecated che non persiste nulla.,nessuna UI di configurazione — variabile d'ambiente (.env.example:404). L'effetto si vede in Nutrizione: apps/web/modules/nutrition/views/NutritionPageView.tsx:,Sparisce un pannello di debug dalla pagina dell'atleta — probabilmente desiderabile. Con esso si puo' ritirare anche la route @deprecated /api/nutrition/intelligent-meal-plan-v2.
admin,viva,SUPABASE_SERVICE_ROLE_KEY — prerequisito di TUTTE le superfici admin,superfici_admin,process.env (server),"Senza di essa nessuna route /api/admin puo' leggere o scrivere: catalogo menù, parametri motore e gestione alimenti diventano inagibili. Il motore continua a generare piani (l'Edge Function ha la propria service key).",nessuna UI; la sua assenza si manifesta come errore 503 «Manca SUPABASE_SERVICE_ROLE_KEY» in ogni sezione di /admin/alimenti,Non e' rimovibile senza riprogettare l'accesso admin.
admin,viva,Vista atleta in scope admin — l'admin aziona le leve degli altri due domini per chiunque,superfici_admin,"nessuna colonna propria: scrive esattamente dove scriverebbero l'atleta e il coach (athlete_profiles.nutrition_config, routine_config, ecc.)","E' la leva piu' potente del dominio: l'admin vede e modifica la pagina Nutrizione di QUALSIASI atleta come se fosse lui, e puo' generare/rigenerare il suo piano.",/admin/utenti/[userId]/nutrition — apps/web/app/admin/utenti/[userId]/[module]/page.tsx:56-63 -> components/athlete-scope/ScopedAthleteModuleView.tsx:67 monta N,L'admin perderebbe la capacita' di intervenire sul profilo nutrizionale di un singolo utente per supporto/QA. Nota: e' anche il canale con cui l'admin aggira qualunque semplificazione fatta lato atleta/coach.
admin,viva,canonical_key — identita' del cibo nel menù,superfici_admin,public.nutrition_menu_foods.canonical_key (chiave primaria),E' la chiave con cui il motore evita di ripetere lo STESSO cibo nella stessa giornata e con cui i piani persistiti (meal_item.canonical_key) vengono ricollegati alla famiglia di rotazione della settimana.,"/admin/alimenti, dialog «Aggiungi» (obbligatorio, snake_case, precompilato dalla descrizione USDA); NON modificabile dopo — AdminMenuFoodAddDialog.tsx:160",Non e' rimovibile: e' la PK della tabella e la chiave di collegamento con i piani gia' scritti.
admin,viva,fdc_id — a quale alimento USDA e' agganciato il cibo del menù,superfici_admin,public.nutrition_menu_foods.fdc_id (bigint),"Determina le MACRO per 100 g usate dal solver grammi, quindi quanti grammi finiscono nel piatto. E' l'unico ponte fra il catalogo curato e i numeri nutrizionali.","/admin/alimenti, dialog «Aggiungi» (si sceglie cercando nel DB alimenti, AdminMenuFoodAddDialog.tsx:114); NON modificabile in modifica — api/admin/menu-foods/[k",Non e' rimovibile: senza fdc_id non ci sono macro e la riga viene ignorata (menu-food-catalog-db.ts:80-82).
admin,viva,is_active — accendi/spegni un cibo del menù,superfici_admin,public.nutrition_menu_foods.is_active (boolean),Se false il cibo NON esiste per il motore: non viene mai proposto a nessun atleta. E' il modo reversibile di ritirare un alimento per tutti.,"/admin/alimenti, «Catalogo menù», interruttore per riga — AdminMenuCatalogSection.tsx:168-171 (PATCH {is_active})","Resterebbe solo la DELETE, irreversibile. Le 11 righe spente tornerebbero in circolo."
admin,viva,is_animal_product — flag prodotto animale,superfici_admin,public.nutrition_menu_foods.is_animal_product (boolean). In prod: 208 righe true,"Esclude il cibo SOLO per i vegani (uova, latticini, miele).","/admin/alimenti, dialog «Modifica» del Catalogo menù, checkbox — AdminMenuFoodEditDialog.tsx:122",Si perde il supporto vegano sui cibi del catalogo.
admin,viva,is_fish — flag pesce,superfici_admin,public.nutrition_menu_foods.is_fish (boolean). In prod: 73 righe true,Esclude il cibo per vegetariani e vegani (i pescetariani lo mantengono).,"/admin/alimenti, dialog «Modifica» del Catalogo menù, checkbox — AdminMenuFoodEditDialog.tsx:121",Come is_meat: cade il filtro dieta per i cibi del catalogo.
admin,viva,is_meat — flag carne,superfici_admin,public.nutrition_menu_foods.is_meat (boolean). In prod: 68 righe true,"E' l'UNICA cosa che rende un cibo del catalogo invisibile a pescetariani, vegetariani e vegani. Nessuna inferenza automatica: flag sbagliato = carne nel piano di un vegetariano.","/admin/alimenti, dialog «Modifica» del Catalogo menù, checkbox — AdminMenuFoodEditDialog.tsx:120 (payload); badge in lista AdminMenuCatalogSection.tsx","Si rompe il rispetto della dieta sui cibi del catalogo: menuFoodEntryToHit (fdc-staple-registry.ts:509) mette `dietProfile: [""omnivore""]` FISSO, quindi la classificazione automatica di nutrition_fdc_food_tags NON copre queste entry."
admin,viva,label_it — nome italiano del cibo del menù,superfici_admin,public.nutrition_menu_foods.label_it (text not null),DUE effetti reali. (1) E' il nome che l'atleta legge nel Piano («80 g riso integrale»). (2) E' il testo su cui vengono applicate le ESCLUSIONI alimentari dell'atleta: rinominare un cibo puo' far sfuggire o far scattare un'esclusione.,"/admin/alimenti, dialog «Modifica» del Catalogo menù, campo testo obbligatorio — AdminMenuFoodEditDialog.tsx:192-201","Il Piano mostrerebbe le descrizioni USDA grezze in inglese («Rice, brown, long-grain, cooked») e le esclusioni dell'atleta perderebbero il testo su cui fanno match."
admin,viva,nutrition_menu_foods — catalogo menu in DB (LEVA MANCANTE nella scheda),contratto_motore,"tabella nutrition_menu_foods (canonical_key, fdc_id, label_it, serving_basis, pool_keys, rotation_key, carb_family, ...) — 503 righe, 492 con is_active = true","e la fonte PRIMARIA dei pool: quando il pool del menu esiste e non e vuoto, pickStapleForPool usa SOLO quello e l'allowlist hardcoded non viene nemmeno guardata. Aggiungere o disattivare una riga cambia direttamente quali cibi possono comparire nel piano — senza deploy",pannello admin alimenti (/admin/alimenti); nessuna UI atleta o coach,"il motore ricade sull'allowlist hardcoded in fdc-staple-registry.ts: molto piu povera, e la varieta del piano crolla. E la leva piu potente sulla scelta del cibo e non passa affatto dal request"
admin,viva,pool_keys — in quali slot del pasto un cibo puo' comparire,superfici_admin,public.nutrition_menu_foods.pool_keys (text[]); valori ammessi solo gli 11 di apps/web/lib/nutrition/v2/menu-food-pools.ts:12-23,"Decide se un alimento e' pescabile per Colazione cho/pro/fat, Pranzo carb/pro/veg, Cena carb/pro/veg, Spuntino cho/pro. E' la leva piu' strutturale del catalogo.","/admin/alimenti, dialog «Modifica» del Catalogo menù, griglia di 11 checkbox — AdminMenuFoodEditDialog.tsx:101 (toggle) e :117 (payload); etichette italiane in ",Non c'e' modo di dire al motore in che pasto usare un alimento: la riga verrebbe scartata (menu-food-catalog-db.ts:80). Non e' rimovibile senza riscrivere il caricamento dei pool.
admin,viva,rotation_key — famiglia di rotazione settimanale,superfici_admin,"public.nutrition_menu_foods.rotation_key (text, nullable). In prod: 402 righe su 503 valorizzate",E' l'etichetta con cui il motore conta «quante volte questa settimana hai gia' mangiato questa famiglia». Cibi con la stessa rotation_key competono fra loro per non ripetersi.,"/admin/alimenti, dialog «Modifica» del Catalogo menù, campo testo libero (es. carb:pasta) — AdminMenuFoodEditDialog.tsx:237-247",Il motore perde la varieta' per famiglia sui cibi del catalogo: resta solo la dedupe per canonical_key esatta (:545) e per fdcId (:554). Pasta e spaghetti potrebbero uscire lo stesso giorno.
admin,viva,"serving_basis — grammi a crudo, a cotto o millilitri",superfici_admin,"public.nutrition_menu_foods.serving_basis, check DB su ('dry_grams','cooked_grams','ml'). In prod: 74 righe cooked_grams, 24 ml, il resto dry_grams","Cambia la frase che l'atleta legge: «80 g riso (peso a crudo)» vs «80 g riso cotto» vs «15 ml olio». Non cambia le macro (sempre per 100 g del dato USDA), cambia quanto cibo finisce nel piatto.","/admin/alimenti, dialog «Modifica» del Catalogo menù, select con 3 opzioni — AdminMenuFoodEditDialog.tsx:205-219",Si perde la distinzione crudo/cotto (80 g di pasta secca ≠ 80 g di pasta cotta). Il default diventerebbe dry_grams per tutti.
admin,viva,sort_priority — ordine di preferenza dentro il pool,superfici_admin,"public.nutrition_menu_foods.sort_priority (int, default 200). In prod 5 valori distinti: 100 (100 righe), 150 (103), 200 (192), 250 (1), 300 (107)","Determina la posizione dell'alimento nella lista del pool, e la posizione entra DIRETTAMENTE nel punteggio: piu' in alto = piu' probabile che venga scelto.","/admin/alimenti, dialog «Modifica» del Catalogo menù, input numerico (default 200) — AdminMenuFoodEditDialog.tsx:222-232","L'ordine resterebbe solo alfabetico per canonical_key: il motore continua a funzionare, ma si perde il controllo su quali alimenti privilegiare."
admin,viva,«Carica libreria» — upload in blocco di immagini nel bucket,superfici_admin,solo bucket storage `food-images/library/` (nessuna riga DB toccata),"Nulla di per se': popola il magazzino di immagini fra cui scegliere poi nel dialog per alimento. Max 200 file, 5 MB ciascuno.","/admin/alimenti, «Gestione Alimenti», bottone che apre il file picker multiplo — AdminFoodsManager.tsx:157 (POST) e :281-289 (bottone)",Si dovrebbe caricare un'immagine alla volta dentro ogni scheda alimento. Pura comodita'.
admin,parziale,Categoria dell'alimento (fdc_food.food_category),superfici_admin,public.fdc_food.food_category,"Sul motore vivo: solo la FOTO di fallback per gli item risolti per chiave canonica. Sul pannello admin: le pill di filtro e il conteggio «selectable». Nel motore Postgres spento sarebbe determinante (la matview ne deriva selectable, meal_course, slot_fit, diet_profile).","/admin/alimenti, dialog «Modifica alimento», campo testo con datalist — AdminFoodEditDialog.tsx:274-288; pill di filtro in AdminFoodsManager.tsx (via RPC fdc_fo",Si perde il fallback foto per categoria (solo per gli item senza fdc_id) e il filtro a pill del pannello admin.
admin,parziale,NEXT_PUBLIC_USE_DAY_HUB — hub giorno singolo per kcal e training del giorno,superfici_admin,process.env (esposta al browser),"Nella pagina Nutrizione, quando =1, il giorno selezionato viene idratato da /api/operational/day-hub PRIMA della chiamata al contesto modulo: il dailyEnergyModel dell'hub VINCE su quello dello snapshot (hubEnergyApplied) e le sedute planned/executed dell'hub vengono unite allo stato. E' una leva di percorso dati/performance, non di contenuto: i due percorsi calcolano il modello con la STESSA funzi",nessuna UI — .env.example:412 (default off),"Con default off si toglie il ramo `if` e la funzione fetchOperationalDayHub dalla pagina Nutrizione: comportamento odierno invariato. Da valutare insieme al destino di /api/operational/day-hub, che ha un solo consumatore."
admin,parziale,NUTRITION_MEAL_PLAN_ENGINE — scelta globale del motore (v1|v2|shadow|db),superfici_admin,process.env sul server Next; nessuna riga DB,"Quasi nulla sul percorso principale: il browser chiama la Edge Function, che esegue sempre V2 senza consultare alcun flag. Il flag conta solo quando la route Next fa da fallback (edge irraggiungibile o 5xx).",nessuna UI — variabile d'ambiente del deploy (Vercel). Documentata in apps/web/.env.example:397-399,"Si perde il rollback d'emergenza a v1 sul ramo Next. Dato che l'edge ignora il flag, il rollback reale richiederebbe comunque un redeploy dell'edge."
admin,parziale,NUTRITION_MEAL_PLAN_ENGINE_DEV — shadow automatico in sviluppo,superfici_admin,process.env,Solo in NODE_ENV=development: forza il motore 'shadow' (esegue V1 e V2 e logga il diff). Nessun effetto in produzione.,nessuna UI — variabile d'ambiente locale (.env.example:400),"Perdita di uno strumento di sviluppo, zero impatto prod."
admin,parziale,NUTRITION_MEAL_PLAN_SHADOW_LOG — log del diff V1/V2 in produzione,superfici_admin,process.env,Solo osservabilita': abilita la scrittura del log di confronto fra motori quando gira il ramo shadow. Non cambia MAI il piano.,nessuna UI — variabile d'ambiente (.env.example:401),Nulla di funzionale.
admin,parziale,Scelta del motore di generazione (v1 / v2 / shadow / db) e il motore energetico in Postgres,calcolo_automatico,athlete_profiles.nutrition_config -> meal_plan_engine; oppure env NUTRITION_MEAL_PLAN_ENGINE,"Cambia TUTTO il motore: v2 (compositore FDC + fueling substrati, default), v1 (mediterranean composer), shadow (gira entrambi ma risponde V1), db (delega alla RPC Postgres generate_plan e rilegge il piano persistito, ignorando quasi tutto il calcolo TypeScript).",nessuna UI (variabile d'ambiente o chiave JSON nel profilo),"Togliere i rami v1/shadow/db semplifica enormemente la mappa mentale (oggi ci sono quattro motori nominalmente vivi e uno solo davvero usato). Ma NON e' un taglio a costo zero: con il ramo 'db' se ne vanno anche generate_plan, fn_daily_targets, fn_select_food, nutrition_meal_distribution e nutrition"
admin,parziale,«Escludi profilo» — esclusione permanente dell'alimento dal profilo atleta,superfici_coach,"athlete_profiles.food_exclusions (ARRAY) — scrittura immediata, non passa dal form profilo",Aggiunge il nome dell'alimento alle esclusioni permanenti: da quel momento il deny testuale lo scarta in ogni piano futuro.,"apps/web/modules/nutrition/components/EmpathyMealPlanExpositionCard.tsx:528-533 — secondo bottone, stessa condizione `showCoachControls && platformAdminView`","E' una scorciatoia sullo stesso campo che si edita nel profilo: togliendola non si perde nessuna capacita', solo comodita'."
admin,parziale,«Genera il mio piano pasti» / «Rigenera»,superfici_coach,Indirettamente: la generazione persiste in nutrition_plan / meal / meal_item (REPLACE per data),Forza una nuova composizione. Rilevante perche' il piano si rigenera comunque da solo.,"apps/web/modules/nutrition/views/sections/MealPlanSection.tsx:183-210 — dentro `{platformAdminView ? … : null}`, col commento «azione riservata allo staff (admi",Nessun impatto sul coach (non lo vede) ne' sull'atleta (il piano si genera da solo).
admin,parziale,«Ricalcola tag» — rigenera la materialized view dei tag derivati,superfici_admin,nessuna colonna: rinfresca la matview public.fdc_food_tagged (8149 righe),"Nulla sul piano generato. Aggiorna pero' DAVVERO le pill di categoria e i conteggi «selectable» del pannello admin. Il messaggio della UI resta fuorviante: promette di aggiornare «il motore menù», ma i tag del motore vivo stanno in un'ALTRA tabella che questa azione non tocca.","/admin/alimenti, «Gestione Alimenti», bottone con conferma — AdminFoodsManager.tsx:204-219 (POST) e :291-303; testo di conferma a :20-21",Nessun piano cambia; le categorie del pannello admin diventano stantie dopo una modifica di food_category. Resta scoperto il bisogno vero: ricalcolare i tag del motore VIVO richiede uno script da riga di comando.
admin,parziale,«Togli» — rimozione di una voce dal pasto generato,superfici_coach,NIENTE — solo stato React di sessione: coachMealRemovalKeys in NutritionPageView.tsx:500,"Nasconde la voce dalla card e la scala fuori dai totali kcal; il nome confluisce nelle esclusioni di sessione, quindi alla generazione successiva non ricompare.",apps/web/modules/nutrition/components/EmpathyMealPlanExpositionCard.tsx:517-527 — bottone su ogni alimento. Condizione: `showCoachControls && platformAdminView`,"Nessuna persistenza da migrare. Da notare: oggi il coach vero NON ha alcun modo di intervenire su una singola voce del piano, quindi togliendo questa non si sta togliendo niente al coach."
admin,inerte,Anteprima V2 (route /api/nutrition/intelligent-meal-plan-v2 + MealPlanV2PreviewPanel),leve_morte,nessuna persistenza,Mostra un secondo rendering del piano V2 accanto a quello vero. Non tocca il piano.,"NutritionPageView.tsx:3419-3420, dietro isMealPlanV2PreviewUiEnabled()","Cade anche build-meal-plan-v2-preview.ts - un secondo builder V2 con logica propria, importato solo da questa route e da scripts/test-meal-plan-v2-smoke.ts. E il doppione piu vistoso fra i motori in-repo."
admin,inerte,Banca dati alimenti CIQUAL (nutrition_ciqual_foods),schema_db,"nutrition_ciqual_foods (21 colonne, kcal_100g, protein_100g, carbs_100g, fat_100g, sat_fat_100g…) — 3.281 righe",Nulla a runtime. È il bacino da cui si curano righe da copiare in nutrition_fdc_foods / nutrition_menu_foods.,nessuna UI; attribuzione ANSES mostrata in modules/nutrition/components/EmpathyMealPlanExpositionCard.tsx:576,I 34 alimenti già curati restano (vivono in nutrition_fdc_foods/nutrition_menu_foods). Si perde solo la possibilità di curarne altri senza rifare l'import. Va tenuta finché il catalogo menù si arricchisce — la licenza Etalab 2.0 obbliga comunque a mantenere l'attribuzione già presente in UI.
admin,inerte,"Blocco nutrition_config.meal_plan (daily_kcal, caloric_split, macro_split, meal_strategy)",leve_morte,nutrition_config.meal_plan - ASSENTE su tutti i 41 profili,Nulla. E un intero ramo di lettura che non ha mai avuto dati.,"scritto solo da handleSaveNutrition (staff, mai usato in prod)",Nulla. Si semplificano readFromLegacyRoot e ~15 righe del sanitizer.
admin,inerte,Bonus alimenti consigliati (bonus_preferiti),superfici_admin,"public.nutrition_engine_config, key='bonus_preferiti', value=6 (0-30)",Solo nel motore Postgres spento: favorisce olio EVO e integrali. Sul piano vivo: nulla (il V2 ha bonus analoghi ma cablati).,"/admin/alimenti, «Parametri motore menù» — AdminEngineConfigSection.tsx:149-171",Nulla.
admin,inerte,Descrizione dell'alimento (fdc_food.description),superfici_admin,public.fdc_food.description,Nulla per l'atleta. Cambia solo cio' che l'admin stesso vede nella lista di «Gestione Alimenti» (la lista e' ordinata e cercata su questo campo).,"/admin/alimenti, dialog «Modifica alimento», campo testo obbligatorio — AdminFoodEditDialog.tsx:266-272",Nessun impatto sull'atleta. Si perde solo la leggibilita' della lista admin (che e' cercata e ordinata su questo campo).
admin,inerte,Distribuzione calorica per numero di pasti (tabella nutrition_meal_distribution),schema_db,"nutrition_meal_distribution (meal_count, slot, slot_order, kcal_pct) — 21 righe","Nulla oggi. Sarebbe la tabella «se i pasti sono N, la colazione vale X%»: la versione DB della distribuzione calorica.",nessuna UI,"Niente oggi. Ma è interessante come MODELLO: 21 righe che descrivono esattamente la «regola automatica» che servirebbe se si togliesse la distribuzione manuale dal profilo. Prima di droppare, copiarne il contenuto."
admin,inerte,FDC_CACHE_ONLY — disattiva le chiamate USDA live,superfici_admin,process.env,Nulla: non e' letta da nessuna parte. E' un residuo documentale di quando il motore chiamava l'API USDA.,nessuna UI — documentata in .env.example:392,Nulla. Cancellazione a costo zero (due righe di documentazione).
admin,inerte,Forza della rotazione proteica (bonus_famiglia_rotazione),superfici_admin,"public.nutrition_engine_config, key='bonus_famiglia_rotazione', value=18 (0-50)","Solo nel motore Postgres spento: bonus alla famiglia proteica del giorno (pollo/pesce/maiale/manzo/legumi, rotazione su 5). Nel motore vivo la rotazione esiste ma e' governata da costanti TypeScript non esposte.","/admin/alimenti, «Parametri motore menù» — AdminEngineConfigSection.tsx:149-171",Nulla.
admin,inerte,"Manopole what-if Predictor + Fueling manuale (durata, %FTP, CHO g/h, ml/h, sodio, cofattore, sport/distanza/tempo) e «stimolo dominante»",leve_morte,"dovrebbe scrivere nutrition_config.fueling, .performance_predictor, .nutriomics_engine, .meal_plan",Nulla sul piano. Il CHO g/h impostato a mano viene per giunta scavalcato dal motore.,"NutritionPageView.tsx:3301-3339 (PredictorSection dentro Pro2Accordion, gate `showTech` = coach o adminScoped, riga 350) col bottone Salva a :3332",Nulla. E il caso piu netto: una schermata di manopole che nessuno ha mai salvato e che nessun motore legge.
admin,inerte,Motore DB Postgres (generate_plan) + mapper readDbPlanAsAssembledCore,leve_morte,nutrition_plan / meal / meal_item (scritti dalla RPC),"Genererebbe il piano dentro Postgres invece che in TypeScript, e comunque senza kcal/macro/n.pasti del coach.",nessuna UI,"Cadono ~170 righe di mapper dentro la route e, a cascata, la giustificazione di nutrition_engine_config e fn_select_food. Le funzioni SQL possono restare in DB senza chiamanti."
admin,inerte,Motore V1 mediterraneo (ramo legacy raggiungibile),leve_morte,nessuna persistenza (ramo di codice),Genererebbe il piano con buildDeterministicMealPlanFromRequest invece del V2 a staple FDC.,nessuna UI,"Si perde il fallback storico. ATTENZIONE: mediterranean-meal-composer.ts NON e morto - e importato da 20 file, fra cui compose-meal-plan-v2.ts (dayCtx), race-day-pre-race-lunch.ts (pasti gara), enrich-meal-slots-after-compose.ts, v2-mediterranean-meal-adapter.ts, fdc-staple-registry.ts. Va tolto il "
admin,inerte,"Motore shadow (V1 servito, V2 loggato)",leve_morte,nessuna (log di processo),Farebbe girare i due motori in parallelo servendo il V1.,nessuna UI,"Nulla. Era l'impalcatura della migrazione V1->V2, gia conclusa (default V2)."
admin,inerte,Numero di candidati considerati (finestra_rotazione),superfici_admin,"public.nutrition_engine_config, key='finestra_rotazione', value=20 (1-50)",Solo nel motore Postgres spento: e' il `limit (cfg.finestra_rotazione)::int` della top-N fra cui si ruota. Sul piano vivo: nulla.,"/admin/alimenti, «Parametri motore menù» — AdminEngineConfigSection.tsx:149-171",Nulla.
admin,inerte,Override motore meal plan per singolo atleta (meal_plan_engine),schema_db,athlete_profiles.nutrition_config -> meal_plan_engine (text: v1 | v2 | shadow | db),"Cambia quale motore genera il piano per quell'atleta, scavalcando l'env NUTRITION_MEAL_PLAN_ENGINE.",nessuna UI (scrivibile solo via API/DB),"Niente oggi, ma è la valvola di rollback per-atleta: toglierla riduce le opzioni di emergenza. Costo di tenerla: 5 righe."
admin,inerte,Parametri di tuning del motore menù (nutrition_engine_config),schema_db,"nutrition_engine_config (key, value, label_it, min_value, max_value) — 9 righe: bonus_famiglia_rotazione 18, bonus_preferiti 6, finestra_rotazione 20, penalita_","Nulla oggi. Sarebbe il punteggio con cui il motore Postgres sceglie gli alimenti (rotazione, penalità saturi/tropicali/processati). La UI admin promette «effetto immediato sulla prossima generazione»: è una promessa falsa.",apps/web/components/admin/foods/AdminEngineConfigSection.tsx (uno slider per parametro); API apps/web/app/api/admin/engine-config/route.ts:40/81/102,"Niente, finché il motore 'db' resta spento. Ma finché resta, la UI admin mente all'utente: o si spegne la UI o si toglie la frase."
admin,inerte,"Parametri motore menu (pannello admin, 9 manopole)",leve_morte,"public.nutrition_engine_config (9 righe verificate: bonus_famiglia_rotazione 18, bonus_preferiti 6, finestra_rotazione 20, penalita_dietetici 25, penalita_grass","Nulla sul piano che gli atleti vedono. Peserebbero la scelta alimenti solo dentro il motore Postgres, che non gira mai.",/Users/antoninonocera/empathy/apps/web/components/admin/foods/AdminEngineConfigSection.tsx:10 (pagina /admin/alimenti); il testo dichiara «Le modifiche hanno ef,Zero impatto sul piano. Va tolto ANCHE il testo che promette effetto immediato: oggi un admin che muove quelle manopole crede di star tarando il motore e non sta facendo nulla.
admin,inerte,Penalita' alimenti crudi (penalita_raw),superfici_admin,"public.nutrition_engine_config, key='penalita_raw', value=6 (0-30)","Solo nel motore Postgres spento: preferisce le versioni «cooked» a quelle «, raw» per il secondo proteico. Sul piano vivo: nulla.","/admin/alimenti, «Parametri motore menù» — AdminEngineConfigSection.tsx:149-171",Nulla.
admin,inerte,Penalita' carni/cibi lavorati (penalita_processati),superfici_admin,"public.nutrition_engine_config, key='penalita_processati', value=12 (0-50)","Solo nel motore Postgres spento: riscala pen_processed (wurstel, mortadella, affettati, versioni «light») nella scelta del secondo. Sul piano vivo: nulla.","/admin/alimenti, «Parametri motore menù» — AdminEngineConfigSection.tsx:149-171 (riga generata dalla riga DB)",Nulla. Default 12 cablato in fn_select_food.
admin,inerte,Penalita' grassi tropicali/saturi (penalita_grassi_tropicali),superfici_admin,"public.nutrition_engine_config, key='penalita_grassi_tropicali', value=30 (0-60)","Solo nel motore Postgres spento: evita palma, cocco, strutto, sego sul ruolo «fat». Sul piano vivo: nulla.","/admin/alimenti, «Parametri motore menù» — AdminEngineConfigSection.tsx:149-171",Nulla.
admin,inerte,Penalita' prodotti «dietetici» (penalita_dietetici),superfici_admin,"public.nutrition_engine_config, key='penalita_dietetici', value=25 (0-50)","Solo nel motore Postgres spento: scarta sostituti del pasto, bevande dolcificate, «drink mix». Sul piano vivo: nulla.","/admin/alimenti, «Parametri motore menù» — AdminEngineConfigSection.tsx:149-171",Nulla.
admin,inerte,Preferenza oli a bassa % di saturi (peso_pct_saturi_olio),superfici_admin,"public.nutrition_engine_config, key='peso_pct_saturi_olio', value=0.2 (0-2)",Solo nel motore Postgres spento: pesa fat_sat_pct nella scelta del condimento grasso. Sul piano vivo: nulla.,"/admin/alimenti, «Parametri motore menù» — AdminEngineConfigSection.tsx:149-171","Nulla. NB: le 9 manopole sono un blocco unico — o si tiene tutta la sezione «Parametri motore menù» (e con essa fn_select_food/generate_plan/fdc_food_tagged/nutrition_slot_assembly), o si buttano insieme."
admin,inerte,Regole di assemblaggio degli slot (tabella nutrition_slot_assembly),schema_db,"nutrition_slot_assembly (slot, slot_order, role_order, food_role, lever, slot_fit_tag, macro_tag, course_tag, min_g, max_g, step_g, fixed_g, target_density_100g",Nulla oggi. Direbbe quali ruoli alimentari compongono ogni pasto e in che range di grammi possono muoversi.,nessuna UI,"Niente oggi. Stessa avvertenza di meal_distribution: sono 17 righe di regole che descrivono un modello, non solo configurazione morta."
admin,inerte,Scelta del motore per atleta (nutrition_config.meal_plan_engine) e via env NUTRITION_MEAL_PLAN_ENGINE,leve_morte,athlete_profiles.nutrition_config.meal_plan_engine (0 profili su 41) + env Vercel,"Dovrebbe scegliere fra v1 mediterraneo, v2, shadow e db. Sul path vivo non viene mai consultato.",nessuna UI - solo JSON in DB o env,"Si perde il rollback per-atleta, che gia oggi non funziona sul percorso primario. Togliendolo cadono per coerenza i rami v1/shadow/db della route."
admin,inerte,Severita sui grassi saturi (penalita_saturi),superfici_admin,"public.nutrition_engine_config, riga key='penalita_saturi', value=1.5 (min 0 max 10) — verificato con SELECT in prod",Solo nel motore Postgres spento: moltiplica i grammi di grassi saturi nel punteggio del secondo proteico. Sul piano che l'atleta riceve oggi: NULLA.,"/admin/alimenti, sezione «Parametri motore menù» — apps/web/components/admin/foods/AdminEngineConfigSection.tsx:149-157 (input) + :159-171 (Salva). NB: la sezio","Niente si rompe. Cancellando la riga il valore 1.5 resta cablato nel coalesce di fn_select_food; e siccome la UI e' generica, la manopola sparisce dal pannello senza toccare una riga di codice."
admin,inerte,USDA_API_KEY — chiave API FoodData Central,superfici_admin,process.env,Nulla in runtime. Serve solo agli script di import/arricchimento lanciati a mano.,nessuna UI — .env.example:107 e :390,Si perde la possibilita' di rilanciare gli script di import USDA. Zero impatto sul runtime.
admin,inerte,"Valori nutrizionali per 100 g degli alimenti (kcal, carboidrati, proteine, grassi, fibre, zuccheri, sodio)",superfici_admin,"public.fdc_food (kcal_100g, carbs_100g, protein_100g, fat_100g, fiber_100g, sugars_100g, sodium_mg_100g) — 8149 righe","Nulla sul piano generato. Il motore vivo prende le macro da un'ALTRA tabella (nutrition_fdc_foods, 8211 righe). La modifica alimenta solo la matview del motore Postgres spento.","/admin/alimenti, «Gestione Alimenti» -> dialog «Modifica alimento», 7 input numerici — apps/web/components/admin/foods/AdminFoodEditDialog.tsx:294-306, campi in",Non si rompe nessun piano. Ma resta scoperto il bisogno reale: correggere una macro sbagliata sul motore vivo oggi NON e' possibile da nessuna UI.
admin,inerte,carb_family — famiglia carboidrato (fallback della rotazione),superfici_admin,"public.nutrition_menu_foods.carb_family (text, nullable). In prod: 35 righe valorizzate","NULLA sui dati di oggi. Nel codice servirebbe a evitare il doppione pranzo+cena dello stesso tipo di carboidrato, ma SOLO per le righe che NON hanno rotation_key — e in prod non esiste nessuna riga cosi'.","/admin/alimenti, dialog «Modifica» del Catalogo menù, campo testo libero — AdminMenuFoodEditDialog.tsx:250-260",Zero effetto sul piano di oggi. E' un campo latente: tornerebbe utile solo se si iniziassero a inserire righe con carb_family e senza rotation_key. Il mappatore lo dava «viva».
admin,inerte,meal_plan_engine (selettore del motore: v1 | v2 | shadow | db),contratto_motore,athlete_profiles.nutrition_config.meal_plan_engine (per atleta) oppure env di Vercel (globale). In DB: 0 atleti su 41 hanno la chiave,"in teoria commuta tra V1 mediterraneo, V2 FDC, shadow e motore Postgres generate_plan. In pratica la Edge Function — il percorso primario — non lo legge affatto e chiama sempre buildMealPlanV2Production",nessuna UI: a mano in nutrition_config o via variabile d'ambiente NUTRITION_MEAL_PLAN_ENGINE,nulla sul percorso vivo. Va pero considerato che togliendolo si perde anche il rollback d'emergenza della route Next (che resta il fallback quando l'edge e giu)
atleta,viva,% calorie rispetto al fabbisogno del giorno (0-130),superfici_atleta,athlete_profiles.nutrition_config.week_plan[Mon..Sun].day_type_pct,"Scala l'INTERO fabbisogno pasti del giorno (80 = deficit 20%, 115 = surplus 15%). E la leva ipo/normo/ipercalorico. Meccanicamente viva, ma MAI usata da nessuno.","ProfileNutritionSection.tsx:217 (input number, per giorno; NON disabled)",E la leva che nel modello nuovo va data al COACH. Non toglierla: toglierla all'atleta e ridurla da numero libero a 3 scelte. Se sparisse senza sostituto ogni giorno resterebbe normocalorico (default 100 a resolve-nutrition-diet-day.ts:352) — che e esattamente lo stato attuale di tutti.
atleta,viva,% calorie rispetto al fabbisogno del giorno (day_type_pct),schema_db,athlete_profiles.nutrition_config -> week_plan[Mon..Sun].day_type_pct (number),"Scala l'intero fabbisogno kcal dei pasti del giorno (75 = ipocalorico, 115 = ipercalorico). È l'unico numero con cui la scelta iper/normo/ipo entra davvero nel calcolo.","apps/web/modules/profile/views/sections/ProfileNutritionSection.tsx:217 (input number 0-130) — NON gated da canEditNutritionPercents, quindi anche l'atleta la c",Si perde l'unica leva iper/normo/ipo funzionante. Va sostituita con la scelta a tre voci mappata sullo stesso campo o su un campo nuovo letto in daily-energy-solver.ts:319.
atleta,viva,Alimenti esclusi (campo CSV libero),superfici_atleta,athlete_profiles.food_exclusions (text[]),Ogni stringa diventa una sottostringa vietata sulle etichette degli alimenti. Meccanicamente identica ad allergie/intolleranze.,ProfileNutritionSection.tsx:286 (input text CSV «Alimenti esclusi»),"Meccanicamente ridondante con «Alimenti da evitare (dal database)», che scrive nello stesso deny testuale ma con etichette reali del catalogo. Tenerne UNO solo — e i dati dicono di tenere quello col picker."
atleta,viva,"Allenamenti pianificati nella routine (si/no, orario di inizio, durata, seconda seduta)",superfici_atleta,"athlete_profiles.routine_config.week_plan[gg].{has_training,training1_start_time,training1_duration_minutes,has_training2,training2_start_time,training2_duratio",Definisce la finestra di allenamento usata per sopprimere gli spuntini e marcare il pasto post-allenamento; nel giorno «race» fornisce orario e durata della gara sintetica. NON definisce le kcal.,"ProfileRoutineSection.tsx:93-98 (has_training, training1_start_time, training1_duration_minutes, has_training2, training2_*)","Si perde la soppressione degli spuntini in finestra allenamento e il pasto post-workout, a meno di derivare la finestra da planned_workouts (che ha gia data+durata; manca l'ora di inizio)."
atleta,viva,"Allenamento nella routine (has_training, has_training2, orari e durate)",schema_db,"athlete_profiles.routine_config -> week_plan[wd].{has_training, has_training2, training1_start_time, training1_duration_minutes, training2_start_time, training2","Due cose reali: (1) sopprime gli spuntini che cadono dentro la finestra di allenamento; (2) fornisce orario e durata della gara quando il calendario non ha una riga pianificata. Il FABBISOGNO energetico invece il motore lo prende dai planned_workouts, non da qui.",apps/web/modules/profile/views/sections/ProfileRoutineSection.tsx (checkbox e campi allenamento 1 / 2),Si perde la soppressione spuntini in finestra di allenamento e il rilevamento gara senza riga in calendario. Le durate dichiarate restano ridondanti rispetto al calendario per la parte energetica.
atleta,viva,Allergie (allergies),schema_db,athlete_profiles.allergies (text[]),Come le intolleranze: frasi di deny testuale sui candidati del pool.,apps/web/modules/profile/views/sections/ProfileNutritionSection.tsx:284 (campo CSV); scrittura ProfilePageView.tsx:554,"Da tenere: è il nucleo di «cosa non mangio». Attenzione: è un deny per SOTTOSTRINGA applicato al testo INGLESE della descrizione FDC (fdc-candidate-filter.ts:56 su `c.description`), quindi 'mela' e 'pesca' in italiano hanno rischio concreto di falsi negativi."
atleta,viva,Allergie (campo CSV libero),superfici_atleta,athlete_profiles.allergies (text[]),"Identico alle intolleranze: stesse 13 regole di espansione (arachidi, frutta a guscio, soia, pesce, crostacei, sesamo, senape, sedano, lupini, mais, uova, glutine, lattosio).",ProfileNutritionSection.tsx:285 (input text CSV),Non si puo togliere (sicurezza). Va semmai reso strutturato invece che testo libero: oggi «noci» funziona solo perche esiste la regex hardcoded a meal-plan-profile-food-filter.ts:22-23.
atleta,viva,Cibi esclusi in testo libero (food_exclusions),schema_db,athlete_profiles.food_exclusions (text[]),"Terza fonte di deny testuale, unita alle etichette del picker FDC.",apps/web/modules/profile/views/sections/ProfileNutritionSection.tsx:285 (campo CSV «esclusioni»); scrittura ProfilePageView.tsx:552,"Duplica il picker FDC (excluded_fdc_foods): sono due UI diverse per la stessa cosa, in due tab dello stesso pannello, e nessuna delle due ha dati. Da unificare in una sola, non da cancellare del tutto (il testo libero è l'unico modo per escludere qualcosa che non è nel catalogo FDC)."
atleta,viva,Conferme pasto e acqua bevuta (nutrition_config.meal_confirmations / hydration_intake),schema_db,athlete_profiles.nutrition_config -> meal_confirmations[data][slot] e hydration_intake[data].ml,Non toccano la generazione (sono esplicitamente escluse dalla firma degli input del solver a NutritionPageView.tsx:890-896) ma cambiano cosa mostrano Oggi e Nutrizione: stato dei pasti e ml bevuti contro il target.,"Nutrizione: spunta pasto e registrazione acqua (modules/nutrition/hooks/use-nutrition-quick-actions.ts:48-98, NutritionPageView.tsx:3069-3124)","Sparisce l'aderenza dichiarata dall'atleta (spunte e idratazione). Il codice funziona: il problema è che in un anno nessuno l'ha usato — è un segnale su dove NON investire, non su cosa cancellare per rompere qualcosa."
atleta,viva,Integratori dichiarati (supplements),schema_db,athlete_profiles.supplements (text[]),"Sceglie i PRODOTTI del protocollo di fueling (pre/intra/post) mostrato in Nutrizione, e popola l'evento «Integrazione giornaliera» in Oggi. Sulla composizione dei PASTI non incide (lì è solo una riga di testo).","apps/web/modules/profile/views/sections/ProfileNutritionSection.tsx (selezione integratori, tab integratori); scrittura ProfilePageView.tsx:555-557","Si rompe la scelta prodotto del protocollo fueling e l'evento integratori di Oggi. NON è una manopola del meal plan, ma non è affatto morta."
atleta,viva,Intolleranze (campo CSV libero),superfici_atleta,athlete_profiles.intolerances (text[]),"Ogni frase e sia sottostringa letterale sia espansa in una famiglia (es. «lattosio» -> latte, yogurt, ricotta, mozzarella, parmigiano, burro, panna, whey, kefir...). Gli alimenti la cui etichetta contiene un frammento vengono scartati dal pool.","ProfileNutritionSection.tsx:284 (input text CSV, tab Intolleranze)","NON si puo togliere: e sicurezza alimentare. Semmai sostituirla con le chip di classe (oggi inerti, vedi voce dedicata)."
atleta,viva,Intolleranze (intolerances),schema_db,athlete_profiles.intolerances (text[]),Aggiunge frasi di deny testuale che escludono candidati dal pool durante la composizione.,"apps/web/modules/profile/views/sections/ProfileNutritionSection.tsx:283 (campo CSV, tab «intolleranze»); scrittura ProfilePageView.tsx:553",È il nucleo di «cosa non mangio»: da tenere.
atleta,viva,Lifestyle / attivita non sportiva (Sedentary +15% / Moderate +20% / Active +30% / Very active +40%),superfici_atleta,athlete_profiles.routine_config.lifestyle_activity_class (NON una colonna: vive dentro il JSON routine),Aggiunge una quota fissa di kcal sopra il BMR (+15% .. +40%). Su un BMR di 1800 kcal fa 270 vs 720 kcal/giorno: la seconda leva piu grossa dopo il peso.,"ProfilePersonalSection.tsx:43 (select, con le percentuali scritte nelle etichette)",E VIVA e pesante. Va sostituita da qualcosa: il candidato naturale sono passi/kcal attive del device (il gancio esiste — daily-energy-solver.ts:327-341 observedActiveKcal sostituisce BMR+lifestyle+training col consumo reale).
atleta,viva,Marchi integratori preferiti (supplement_config.selected_brands),schema_db,athlete_profiles.supplement_config -> selected_brands (string[]),"Orienta la scelta dei prodotti nel protocollo di fueling (pre/intra/post) mostrato in Nutrizione, e popola l'evento integratori di Oggi. Sul MEAL PLAN non arriva.",apps/web/modules/profile/views/sections/ProfileNutritionSection.tsx:396 («Brand preferiti»); scrittura ProfilePageView.tsx:514-517,Si rompe la scelta marca nel protocollo fueling. Se invece si volesse portarlo anche nel meal plan basta valorizzare `preferredFuelingBrands` nei 3 chiamanti: il parametro esiste già.
atleta,viva,"Numero di pasti / digiuno del giorno (1..6, fasting, semi-8-16/6-18/4-20)",superfici_atleta,athlete_profiles.nutrition_config.week_plan[Mon..Sun].meal_count_mode,Quanti slot pasto esistono (3..6) e in quante porzioni si spezza il budget kcal. 6 pasti attiva i tre spuntini separati (snack_am/pm/evening) e fa leggere night_time come spuntino serale.,"ProfileNutritionSection.tsx:197-215 (select «Pasti + digiuno», per giorno della settimana)","E la ROUTINE che il modello nuovo vuole tenere: conservarla, semmai spostarla sotto ROUTINE invece che dentro Diet. Senza, si ricade su preferred_meal_count (nessuna UI) e poi sul default '4' (resolve-nutrition-diet-day.ts:421)."
atleta,viva,Numero di pasti del giorno (meal_count_mode),schema_db,athlete_profiles.nutrition_config -> week_plan[wd].meal_count_mode (text),Decide quanti slot pasto esistono (3/4/5/6) e quindi l'intera struttura della giornata alimentare.,"apps/web/modules/profile/views/sections/ProfileNutritionSection.tsx:197-215 (select 1..6, fasting, semi-8-16, semi-6-18, semi-4-20) — nessun gate",Si rompe la struttura del piano: qualcosa deve decidere il numero di slot. Nel modello nuovo si deriverebbe dalla routine (quanti orari pasto l'atleta dichiara).
atleta,viva,"Orari dei pasti per giorno della settimana (sveglia, colazione, spuntino, pranzo, spuntino pom., cena, notte)",superfici_atleta,"athlete_profiles.routine_config.week_plan[Mon..Sun].{wake_time,breakfast_time,snack_time,lunch_time,afternoon_snack_time,dinner_time,night_time}",Tre cose vere: (1) l'orario stampato su ogni pasto; (2) quali spuntini vengono SOPPRESSI perche cadono nella finestra di allenamento; (3) quale pasto e marcato «post-allenamento» e ricomposto. night_time diventa lo spuntino serale nel giorno a 6 pasti.,"apps/web/modules/profile/views/sections/ProfileRoutineSection.tsx:80-86 (7 input time, uno per giorno)","E la ROUTINE del modello nuovo: da tenere, semmai l'unica cosa che l'atleta dovrebbe impostare. Senza, si ricade sui default hardcoded 07:30/13:00/20:30/10:30/17:00 (build-meal-plan-v2-production.ts:24-29)."
atleta,viva,"Orari della routine (sveglia, colazione, spuntini, pranzo, cena, notte)",schema_db,"athlete_profiles.routine_config -> week_plan[wd].{wake_time, breakfast_time, snack_time, lunch_time, afternoon_snack_time, dinner_time, night_time}","Gli orari reali di ogni pasto nel piano generato, e di riflesso la coerenza con l'allenamento (soppressione spuntini nella finestra di training).",apps/web/modules/profile/views/sections/ProfileRoutineSection.tsx (7 campi ora per giorno),È esattamente la «routine» che il modello nuovo vuole TENERE. Va conservata.
atleta,viva,Peso (kg),superfici_atleta,athlete_profiles.weight_kg (numeric),"L'input piu pesante di tutti: entra nel BMR (quindi nelle kcal totali), nel target di idratazione (peso x 33), nei macro basali g/kg del ramo V2 e nelle regole gara (g CHO/kg pre-gara).",apps/web/modules/profile/views/sections/ProfilePhysicalSection.tsx:24 (input number),Impensabile. Va invece resa automatica dove possibile (bilancia/device): e il candidato numero uno per il modello «lo decide il sistema».
atleta,viva,Tipo di dieta (diet_type),schema_db,athlete_profiles.diet_type (text),"Due cose: (1) seleziona il POOL di alimenti FDC caricato dal V2 (dietProfileActive); (2) aggiunge frasi di deny (vegano toglie carne/pesce/latticini, ecc.). Con il valore reale in produzione ('omnivore') non cambia NIENTE di entrambe.","apps/web/modules/profile/views/sections/ProfileNutritionSection.tsx (select dieta, tab «preferenze»); scrittura ProfilePageView.tsx:546",È parte di «cosa non mangio» e va tenuta: è l'interruttore vegano/vegetariano/pescetariano/celiaco. Ma va detto al proprietario che in 41 profili non è mai stata usata.
atleta,viva,Tipo di giornata routine (day_mode: training | recovery | race),schema_db,athlete_profiles.routine_config -> week_plan[wd].day_mode (text),"Il giorno 'race' attiva l'arricchimento gara del piano: pranzo pre-gara con orario spostato, recupero post-gara con budget riscritti, slot soppressi.",apps/web/modules/profile/views/sections/ProfileRoutineSection.tsx:87 (select Training/Recovery/Race),Perde senso la nozione di giorno gara nel piano alimentare. È informazione di routine: da tenere. Va invece cancellato il doppione server (route-prep.ts:185-196) che non funziona.
atleta,viva,allergies (allergie),contratto_motore,athlete_profiles.allergies (array) — in prod solo 1 atleta su 41 ha l'array non vuoto,"ogni frase viene espansa in sottostringhe (es. lattosio -> latte, yogurt, ricotta, mozzarella, burro, whey...) e ogni candidato la cui etichetta o canonicalKey contiene una sottostringa viene scartato dal pool","Profilo -> nutrizione, lista allergie; inviato da NutritionPageView.tsx:2027","rischio clinico diretto. E la leva piu viva del contratto, anche se oggi in prod la usa un solo atleta"
atleta,viva,dietType (onnivoro / vegetariano / vegano / pescetariano),contratto_motore,"athlete_profiles.diet_type (colonna, non JSON)",tre effetti cumulativi: (1) sceglie il profilo dieta dei pool USDA FDC caricati; (2) filtra il catalogo menu DB e l'allowlist staple; (3) genera un blocco di frammenti testuali di deny (carne/pesce/latticini/miele) applicati a ogni candidato,Profilo -> sezione nutrizione (campo diet_type); inviato da NutritionPageView.tsx:2025,si rompe la selezione alimenti su tre livelli. E una delle due cose che il modello nuovo vuole tenere all'atleta (COSA NON MANGIA)
atleta,viva,"foodExclusions (esclusioni alimentari, atleta + coach in sessione)",contratto_motore,athlete_profiles.food_exclusions (array) — ATTENZIONE: in prod ZERO atleti su 41 hanno l'array non vuoto. Piu il merge runtime con le label di nutrition_config.,stesso meccanismo di deny testuale di allergie/intolleranze; e ANCHE il canale attraverso cui le esclusioni per fdcId e per classe potrebbero diventare effettive (via le loro label),"Profilo -> nutrizione (food_exclusions) PIU le rimozioni del COACH in sessione, fuse a NutritionPageView.tsx:2013-2020 (coachSessionFoodExclusions) e persistite","si perde sia l'esclusione esplicita sia l'unico canale realmente funzionante delle esclusioni per fdcId/classe. NB: oggi in produzione il canale non trasporta nulla (0 atleti con food_exclusions, 0 righe in excluded_fdc_foods, 0 classi)"
atleta,viva,intolerances (intolleranze),contratto_motore,athlete_profiles.intolerances (array) — 2 atleti su 41 in prod,"identica ad allergies: stessa tabella di espansione frase->sottostringhe, stesso filtro sul pool",Profilo -> nutrizione; NutritionPageView.tsx:2026,stesso rischio delle allergie
atleta,viva,lifestyleActivityClass (classe di attivita quotidiana),contratto_motore,athlete_profiles.lifestyle_activity_class,sceglie il moltiplicatore PAL sul BMR: 1.25 / 1.4 / 1.55 / 1.75. Su un BMR di 1700 kcal vale ~850 kcal di differenza tra estremi,Profilo (sedentario / moderato / attivo / molto attivo),si perde la seconda leva energetica per peso (dopo il training)
atleta,viva,planDate (data del piano),contratto_motore,nutrition_plan.plan_date,"seed di rotazione; giorno della settimana da cui si leggono nutrition_config.week_plan[giorno] (ipo/normo/iper, distribuzione %, numero pasti) e routine_config.week_plan[giorno] (orari, day_mode gara); lettura planned_workouts del giorno; chiave di REPLACE della persistenza",selettore data del Piano — NutritionPageView.tsx:2023 (selectedPlanDate),non si puo: e la chiave del piano
atleta,viva,preferred_meal_count (LEVA MANCANTE nella scheda),contratto_motore,"athlete_profiles.preferred_meal_count — in prod: 24 atleti a 4, 16 null, 1 a 6","quando vale ESATTAMENTE 6 e la distribuzione calorica lo consente, forza mealCountMode da 4 a 6: il piano passa da 4 a 6 pasti. Qualsiasi altro valore non ha effetto sul motore","Profilo -> nutrizione, campo numero pasti — /Users/antoninonocera/empathy/apps/web/modules/profile/views/ProfilePageView.tsx:546 (salvataggio), profile-form-sta","l'atleta a 6 pasti torna a 4. Il ramo e stretto (solo il valore 6, e solo con distribuzione compatibile): e un cerotto sopra caloricDistribution, non una leva indipendente"
atleta,viva,racePostRecovery (recovery post-gara: CHO/PRO g/kg su slot dedicato),contratto_motore,derivato da routine_config.week_plan + weight_kg; non persiste come campo,crea un pasto di recovery dedicato con composizione propria E sovrascrive i budget kcal/macro di quello slot ignorando la ripartizione Diet — l'UNICO caso in cui i target del request vincono sui budget V2,"stessa di racePreLunch: Profilo -> Routine, ProfileRoutineSection.tsx:87 giorno gara",nessun reintegro strutturato dopo la gara
atleta,viva,racePreLunch (contesto pranzo pre-gara),contratto_motore,athlete_profiles.routine_config.week_plan[giorno].day_mode — in prod 9 righe-giorno con day_mode='race'; il contesto derivato non persiste,"tre effetti: sposta l'orario del pasto pre-gara, sostituisce la composizione normale con una composizione pre-gara dedicata (bypassa completamente composeSlotFromAssembly), sopprime gli slot che cadono nella finestra gara","Profilo -> Routine, modalita giorno = gara — /Users/antoninonocera/empathy/apps/web/modules/profile/views/sections/ProfileRoutineSection.tsx:87 (day_mode: train",il giorno gara torna a un pranzo qualunque con verdure generiche (e esattamente il bug che questo codice e nato per risolvere)
atleta,viva,weightKg (peso corporeo) — input non-request,contratto_motore,athlete_profiles.weight_kg,"moltiplica il template macro g/kg (CHO/PRO/FAT basali), entra nel BMR e nel piano fueling da substrati, e determina il target idratazione persistito",Profilo -> dati antropometrici,"il motore perde la scala principale dei macro. Attenzione ai due fallback divergenti: route-prep.ts:217 mette 70 kg per il solver energetico, mentre l'idratazione persistita usa deliberatamente il peso nullable (edge index.ts:92-93, route.ts analogo)"
atleta,parziale,% calorie rispetto al fabbisogno (day_type_pct) — la leva ipo/normo/ipercalorico,superfici_coach,athlete_profiles.nutrition_config -> week_plan[gg].day_type_pct. NON e' fra le chiavi protette (sanitize-nutrition-config-percents.ts:32 DAY_PROTECTED_KEYS = ca,Moltiplica l'intero fabbisogno pasti del giorno: mealsKcal = (BMR + lifestyle + training) * pct/100. E' la manopola ipercalorico|normocalorico|ipocalorico.,apps/web/modules/profile/views/sections/ProfileNutritionSection.tsx:217 — input number 0-130. NON ha `disabled={!canEditNutritionPercents}`: la modifica anche l,"E' l'unica leva che esprime ipo/normo/iper, ma non e' mai stata usata da nessuno: tenerla e' una decisione di prodotto nuova, non la conservazione di un comportamento esistente. Se la si tiene va tolta all'atleta (aggiungerla a DAY_PROTECTED_KEYS a sanitize-nutrition-config-percents.ts:32 + `disable"
atleta,parziale,Aggiungi/cancella un extra al pasto,superfici_atleta,food_diary_entries (via POST /api/nutrition/diary),Registra cosa e stato mangiato in piu. Non cambia il piano di oggi ne quello di domani.,apps/web/modules/nutrition/components/MealExtraQuickAdd.tsx:200 (bottone «Aggiungi extra»),Si perde il registro e il calcolo micronutrienti/bioenergetica. Il piano generato non cambia.
atleta,parziale,Alimenti da evitare dal database (excluded_fdc_foods),leve_morte,"nutrition_config.excluded_fdc_foods [{fdcId,label}]","Esclude davvero quegli alimenti quando la generazione parte dal browser - ma per la LABEL, non per l'fdcId.",ProfileNutritionSection.tsx:310-362 (ricerca + chip),"Non si perde nessun dato reale (zero esclusioni impostate). Se si conserva, conservare il ramo LABEL, non quello fdcId."
atleta,parziale,"Alimenti da evitare, scelti dal database (ricerca + chip removibili)",superfici_atleta,"athlete_profiles.nutrition_config.excluded_fdc_foods ([{fdcId, label}])","Funziona solo per META. L'ETICHETTA entra nel deny testuale e quindi esclude davvero. L'fdcId non esclude nulla, perche filtra strutture che il motore V2 non guarda.","ProfileNutritionSection.tsx:309-360 (ricerca debounce, click per aggiungere, x per togliere)","Se il modello nuovo tiene «cosa non mangi», questa e la forma migliore (etichette reali del catalogo, niente testo libero). Va pero saldata: oggi funziona per coincidenza (match testuale) e non per l'fdcId scelto — un omonimo verrebbe escluso, un alias con nome diverso no."
atleta,parziale,Alimenti esclusi a mano (picker FDC — excluded_fdc_foods),schema_db,"athlete_profiles.nutrition_config -> excluded_fdc_foods (array di {fdcId, label})","Dovrebbe togliere quegli alimenti dal piano. In pratica mordono solo le ETICHETTE (entrano nel deny testuale); gli fdcId filtrano solo i gruppi-opzione del formato V1, mai il pool FDC del motore V2.",apps/web/modules/profile/views/sections/ProfileNutritionSection.tsx:309-360 (ricerca + chip rimovibili); scrittura ProfilePageView.tsx:510,"È una delle due cose che il modello nuovo vuole TENERE («cosa non mangio»). Non va tolta: va resa affidabile (fdcId che filtri davvero il pool V2 in fdc-branch-query, e lettura server che funzioni)."
atleta,parziale,Alimenti esclusi dal database (picker con ricerca -> fdcId),superfici_coach,"athlete_profiles.nutrition_config -> excluded_fdc_foods (array di { fdcId, label }, globale)",Esclusione esatta per fdcId (il compositore scarta il candidato con quell'id) + la label confluisce nel deny testuale.,"apps/web/modules/profile/views/sections/ProfileNutritionSection.tsx:309-362 — ricerca su /api/nutrition/food-lookup, chip con x per rimuovere",Si perde la granularita' fine («non voglio proprio QUESTO alimento»). Nel modello nuovo confluisce in «cosa non mangio» dell'atleta: resta ma cambia proprietario.
atleta,parziale,Allergie / intolleranze / esclusioni testuali + tipo dieta -> deny fragments,leve_morte,athlete_profiles.intolerances / .allergies / .food_exclusions (text[]) e .diet_type,E L'UNICA leva di esclusione che cambia davvero gli alimenti scelti: ogni frase viene espansa in sottostringhe (lattosio -> latte/yogurt/ricotta/...) e ogni cibo il cui nome le contiene viene scartato dal composer.,"ProfileNutritionSection.tsx:283-285 (tre input CSV: intolleranze, allergie, cibi esclusi) e :169 (select tipo dieta)",Si rompe l'unica esclusione alimentare funzionante e le diete vegan/vegetariana/pescetariana. Questa NON si tocca.
atleta,parziale,Altezza (cm),superfici_atleta,athlete_profiles.height_cm (numeric),"Entra nel BMR SOLO nel ramo Mifflin, cioe solo se manca la massa grassa E c'e anche la data di nascita. Oggi in prod questo vale per 7 atleti su 41.",ProfilePhysicalSection.tsx:23,"Si perde precisione BMR solo per quei 7; il fallback e peso x 22, sensibilmente diverso. Da tenere, ma e anagrafica da chiedere una volta, non una manopola."
atleta,parziale,Classe di attivita lifestyle (routine_config.lifestyle_activity_class),leve_morte,athlete_profiles.routine_config.lifestyle_activity_class (25 profili) - NON e una colonna,Alza/abbassa il fabbisogno di base (NEAT) e quindi le kcal di tutti i pasti - MA solo attraverso il calcolo del browser.,/Users/antoninonocera/empathy/apps/web/modules/profile/views/sections/ProfilePersonalSection.tsx:43 (select Lifestyle: Sedentary +15% / Moderate +20% / Active +,"NON e neutro: cambia il fabbisogno calcolato dal browser per tutti. Da trattare come leva viva, non come codice morto."
atleta,parziale,Classe di attività dello stile di vita (lifestyle_activity_class),schema_db,athlete_profiles.routine_config -> lifestyle_activity_class (text). La colonna athlete_profiles.lifestyle_activity_class NON ESISTE.,"Alza/abbassa la quota lifestyle del fabbisogno basale: 'active' = 30% del BMR contro 'moderate' (default del normalizzatore) = 20%. Su un BMR di 1700 kcal sono ~170 kcal/giorno di differenza, che si propagano agli slot pasto.","apps/web/modules/profile/views/sections/ProfileRoutineSection.tsx (select stile di vita) — salvata dentro routine_config, NON come colonna","Si perde la differenza sedentario/attivo sul fabbisogno basale del path browser (che è quello che l'atleta vede). È anche la prova più netta del disallineamento fra schema JSON e codice: se la si tiene, va tolta dalle tre SELECT che la cercano come colonna, perché è quella la causa del bug che uccid"
atleta,parziale,Classe stile di vita (lifestyle) — % sul BMR,calcolo_automatico,athlete_profiles.routine_config -> chiave JSON `lifestyle_activity_class` (NON e' una colonna),"Aggiunge al BMR il 15% (sedentary), 20% (moderate), 30% (active) o 40% (very_active). Su un BMR di 1700 valgono 255-680 kcal/giorno.","Profilo -> Personale, tendina 'Lifestyle' con le percentuali scritte nelle option — apps/web/modules/profile/views/sections/ProfilePersonalSection.tsx:43","Sparisce il 15-40% del BMR dal fabbisogno visibile. Serve un sostituto: o lo si deduce dalle kcal attive del device (che il sistema gia' sa leggere), o si fissa una costante unica. Non e' una leva gratis. Nota: esistono gia' TRE alternative concorrenti a questa formula (PAL del V2, activity_level de"
atleta,parziale,Data di nascita (eta),superfici_atleta,athlete_profiles.birth_date (date),"Entra nel BMR solo nel ramo Mifflin (-5 kcal per anno di eta), quindi solo se manca la massa grassa. Sul percorso Edge/headless non arriva mai.",apps/web/modules/profile/views/sections/ProfilePersonalSection.tsx:40 (input date),"Piccola perdita di precisione BMR per 7 atleti. E anagrafica, non una manopola."
atleta,parziale,Giorno gara (routine_config.week_plan[giorno].day_mode = 'race'),leve_morte,athlete_profiles.routine_config.week_plan[giorno].day_mode,"Attiva il protocollo gara: pranzo pre-gara dedicato, pasto di recupero post-gara, soppressione degli slot in conflitto, ribilanciamento kcal.",ProfileRoutineSection.tsx:88 (select «Tipo giorno»: Training / Recovery / Gara),"Sparisce il protocollo gara. Da non confondere con `routine_config.race_day` (voce successiva), che e la versione morta della stessa idea."
atleta,parziale,Idratazione: aggiungi ml (bottone +250 ml),superfici_atleta,athlete_profiles.nutrition_config.hydration_intake[data].ml,"Non tocca il piano alimentare, ma e l'unica leva atleta che attraversa DUE superfici: il totale bevuto si vede sia in Nutrizione sia in Oggi.",NutritionPageView.tsx (card idratazione) + use-nutrition-quick-actions.ts:80-110,Si perde il tracciamento del bevuto in entrambe le superfici. Il target resta (dipende solo dal peso). Nessun effetto sul cibo.
atleta,parziale,Integratori scelti (chip categoria + CSV),leve_morte,"athlete_profiles.supplements (text[], 8 profili su 41) + supplement_config.selected_tokens","Nel PIANO ALIMENTARE: nulla, solo una riga di testo. Gli integratori che compaiono nel piano nascono dai boost pathway. Nella sezione FUELING della pagina Nutrizione: sono vivi, guidano la scelta dei prodotti.",ProfileNutritionSection.tsx:388-395 (chip) e :407 (textarea CSV),"Il piano non cambia. Si spegne pero la personalizzazione dei prodotti nella sezione Fueling, che e viva."
atleta,parziale,Integratori selezionati (chip per categoria) + textarea CSV,superfici_atleta,athlete_profiles.supplements (text[]) + athlete_profiles.supplement_config.selected_tokens,Niente sul PIANO PASTI. Cambiano il protocollo di rifornimento (fueling) mostrato in pagina: ordinano i prodotti pre/intra/post.,ProfileNutritionSection.tsx:388-395 (chip per categoria) e :407 (textarea CSV),"Il piano pasti non cambia di una virgola. Cambia il protocollo di rifornimento in gara/allenamento, che e un'altra superficie."
atleta,parziale,Integratori selezionati + brand preferiti,superfici_coach,"athlete_profiles.supplements (ARRAY) e athlete_profiles.supplement_config = { selected_tokens, selected_brands } (ProfilePageView.tsx:514-517)","Aggiunge al piano il programma di integrazione giornaliero (quale integratore, in che pasto/finestra). Non tocca kcal ne' macro.","apps/web/modules/profile/views/sections/ProfileNutritionSection.tsx:368-409 — sotto-tab «Integratori»: chip categoria, chip brand, due textarea CSV (:408 brand)","Dominio a se'. Segnalo che i brand sono inerti sul fueling ma vivi su Oggi: cancellarli tocca Oggi, non il piano."
atleta,parziale,Intolleranze / Allergie / Alimenti esclusi (tre campi CSV),superfici_coach,"athlete_profiles.intolerances, .allergies, .food_exclusions (tre colonne ARRAY, tutte esistenti)","Ogni voce diventa un frammento di deny testuale: il compositore scarta l'alimento la cui descrizione contiene il frammento, in italiano e inglese.","apps/web/modules/profile/views/sections/ProfileNutritionSection.tsx:284 (intolleranze), :285 (allergie), :286 (alimenti esclusi) — sotto-tab «Intolleranze». Il ","Da tenere: secondo pilastro di «cosa non mangio». Semmai unificare i tre CSV in uno. Ma prima va riparata la select, perche' oggi il ramo cron ignora le allergie."
atleta,parziale,Marche integratori preferite (chip «Marche preferite»),leve_morte,"athlete_profiles.supplement_config.selected_brands, e fuse anche in athlete_profiles.supplements (ProfilePageView.tsx:553-557)","Nel protocollo fueling generato COL PIANO: nulla (il parametro esiste ma nessuno lo passa). Nella sezione Fueling della pagina: vive, perche le marche finiscono in `supplements` e da li in preferredBrands client-side.",ProfileNutritionSection.tsx:396-406 (chip) e :408 (textarea CSV),Togliere il parametro `preferredFuelingBrands` dalla firma non rompe nulla. Togliere i chip spegne la sezione Fueling.
atleta,parziale,Massa grassa (%),superfici_atleta,athlete_profiles.body_fat_pct (numeric),"Se presente CAMBIA IL METODO di calcolo del BMR: da Mifflin a Cunningham su massa magra (500 + 22 x FFM), scavalcando eta/altezza/sesso.",ProfilePhysicalSection.tsx:25,"Il BMR ricade su Mifflin (o su peso x 22 per chi non ha altezza/eta). Differenza reale ma non drammatica. E un dato, non una manopola."
atleta,parziale,Massa muscolare (kg),superfici_atleta,athlete_profiles.muscle_mass_kg (numeric),"Niente sul PIANO PASTI (il solver energetico la dichiara e non la legge). Ma determina la scorta totale di glicogeno nella curva di deplezione mostrata in pagina Nutrizione: glicogeno totale = massa muscolare x 12,5 + 95 g.",ProfilePhysicalSection.tsx:26,"Gratis per il piano pasti. NON gratis per la curva glicogeno: senza, tutti scendono sul default 45% del peso, che per un atleta magro sottostima la scorta."
atleta,parziale,Numero pasti / digiuno intermittente (meal_count_mode),superfici_coach,athlete_profiles.nutrition_config -> week_plan[gg].meal_count_mode. Non protetta dal sanitizer,"Decide quanti e quali slot esistono nel piano. Per 1-6 funziona (con l'eccezione del 5, che coincide col fallback). Per fasting/semi-* NON produce nessuna finestra di digiuno.",apps/web/modules/profile/views/sections/ProfileNutritionSection.tsx:197-215 — select 10 opzioni: 1-6 pasti + fasting + semi-8-16 + semi-6-18 + semi-4-20. Non di,Le 4 opzioni di digiuno/semi-digiuno si tolgono subito: etichette senza motore e senza utilizzatori. Il conteggio 1-6 e' vivo (dal browser) e andrebbe sostituito da una derivazione automatica dagli orari pasto della routine.
atleta,parziale,"Numero pasti preferito (colonna preferred_meal_count, distinta da meal_count_mode)",schema_db,athlete_profiles.preferred_meal_count (integer),"Una cosa sola e molto stretta: se il giorno è su 4 pasti E la distribuzione calorica «implica sei pasti», promuove il giorno a 6.","apps/web/modules/profile/views/ProfilePageView.tsx:173 (default '4'), :407 (load), :547 (write)","Doppione di meal_count_mode con una regola di promozione oscura (distributionImpliesSixMeals, 5 euristiche a resolve-nutrition-diet-day.ts:78-100). Toglierla semplifica e tocca al massimo 1 atleta."
atleta,parziale,Opt-in confronto piano-vs-assunto (modulazione dal diario alimentare),calcolo_automatico,nutrition_constraints.adaptation_adherence_opt_in (upsert diretto browser->Supabase),"Acceso, i segnali del diario dovrebbero modulare la scala energetica (x0.93 sotto il 76% del fabbisogno, x0.965 sotto l'86%, x1.012 sopra il 112% con semaforo verde) e rinforzare il bias proteico se le proteine medie stanno sotto 1.15 g/kg. Delle due cose, oggi funzionerebbe solo la seconda.","Nutrizione -> toggle aderenza (NutritionPageView.tsx:3362, salvato a :3002-3010)","Zero conseguenze oggi. Ma non e' il toggle il problema: e' che la promessa che fa ('il diario conta') e' gia' rotta a valle, perche' la leva energetica che dovrebbe muovere non e' collegata. O si ricollega trainingEnergyScale, o si toglie il toggle e si smette di dire che il diario modula l'energia."
atleta,parziale,Orari pasto della Routine (week_plan[giorno].breakfast_time/lunch_time/...),leve_morte,"athlete_profiles.routine_config.week_plan[giorno].{wake_time,breakfast_time,snack_time,lunch_time,afternoon_snack_time,dinner_time,night_time}",Fissa l'orario di ogni slot del piano; da li dipendono anche la soppressione degli spuntini in finestra allenamento e il post-workout.,/Users/antoninonocera/empathy/apps/web/modules/profile/views/sections/ProfileRoutineSection.tsx:81-87 (7 input time per giorno),"Il piano perde gli orari reali e ricade sui default. NOTA: la chiave piatta `routine_config.meal_times` (root) e invece un residuo senza UI, scritta da ProfilePageView.tsx:469-473 con i default 07:00/12:30/19:30 e da NutritionPageView:2984-2991."
atleta,parziale,Sesso,superfici_atleta,athlete_profiles.sex (text),"Offset costante nel BMR Mifflin: +5 (male), -161 (female), -78 (altro/non dichiarato). Circa 166 kcal/giorno di differenza fra M e F, ma solo nel ramo Mifflin.",ProfilePersonalSection.tsx:41 (select male/female/other),"Non e una manopola, e anagrafica. Da tenere."
atleta,parziale,Tipo di dieta (omnivoro/vegetariano/vegano/pescetariano/mediterranea/paleo/chetogenica/low-FODMAP/carnivora/senza glutine),superfici_atleta,athlete_profiles.diet_type (colonna text),"Meccanicamente: solo 4 valori sono capiti. vegan/vegetarian/pescatarian (a) filtrano il catalogo menu escludendo carne/pesce/prodotti animali e (b) aggiungono ~30 sottostringhe deny. Tutti gli altri 6 valori cadono su 'omnivore' e non filtrano NULLA, senza avviso. In produzione oggi: NESSUN effetto per nessuno.",apps/web/modules/profile/views/sections/ProfileNutritionSection.tsx:169 (select; opzioni da lib/profile/profile-page-kit.ts),"Serve un input equivalente (e l'unica barriera contro carne per un vegano), ma va ridotto a 4 valori reali o esteso il motore. Oggi eliminarlo non cambierebbe un solo piano esistente."
atleta,parziale,Tipo di dieta (onnivora / vegana / vegetariana / keto / low-FODMAP / …),superfici_coach,"athlete_profiles.diet_type (colonna text, esiste — verificata su information_schema)","Due cose: sceglie il profilo dieta con cui si filtrano i pool di alimenti FDC, e genera frammenti di deny testuale (vegan -> nega carne/pesce/latticini).","apps/web/modules/profile/views/sections/ProfileNutritionSection.tsx:169 — select, opzioni da profile-page-kit.ts dietOptions","Da tenere: e' esattamente «cosa non mangio». Nessuna alternativa automatica possibile. Va pero' riparata la lettura server, altrimenti resta valida solo se qualcuno apre la pagina."
atleta,parziale,Tipologia giorno Routine (Training / Recovery / Race),superfici_atleta,athlete_profiles.routine_config.week_plan[gg].day_mode,"Solo «race» fa qualcosa, e fa molto: crea una seduta sintetica, sposta e ricompone il pranzo pre-gara (g CHO/kg), sopprime gli spuntini incompatibili e trasforma un pasto in recupero post-gara. «training» e «recovery» non producono differenze.","ProfileRoutineSection.tsx:87 (select, per giorno)","«race» e viva e vistosa. Andrebbe pero derivata dal calendario gare invece che da un select settimanale che si ripete ogni settimana — ma vedi la voce athlete_races: quella tabella e VUOTA, quindi oggi day_mode e l'unica fonte esistente."
atleta,parziale,"excludedFdcIds (cibi esclusi dal picker, per id USDA)",contratto_motore,athlete_profiles.nutrition_config->excluded_fdc_foods — la CHIAVE esiste su 6 atleti su 41 ma TUTTI gli array sono vuoti: 0 righe totali in prod,"in teoria esclusione esatta per id. In pratica il filtro per id tocca SOLO slots[].functionalFoodGroups[].options, che il composer V2 non legge mai. L'unico effetto possibile passa dalla `label` che confluisce nel deny TESTUALE — e oggi non ci sono label perche non ci sono righe","picker alimenti da escludere (scrive nutrition_config.excluded_fdc_foods = [{fdcId,label}]) — ProfilePageView.tsx:510, ProfileNutritionSection.tsx:51","nulla si rompe oggi (zero dati in prod). Se un giorno si popolasse, servirebbe comunque il canale label->foodExclusions perche il ramo fdcId e morto"
atleta,parziale,nutrition_config.excluded_food_classes (classi allergeniche),contratto_motore,"athlete_profiles.nutrition_config.excluded_food_classes — chiave presente su 6 atleti su 41, tutti array VUOTI: 0 classi in prod",una query risolve gli fdcId dell'intera famiglia (che finiscono nel ramo morto excludedFdcIds) MA genera anche frasi di deny bilingui che confluiscono in foodExclusions: e quel secondo ramo l'unico funzionante,picker classi alimentari da escludere,nulla oggi (zero dati). L'effetto sul motore e comunque duplicato da foodExclusions; si perde solo una scorciatoia UX
atleta,parziale,regenerate (rigenera il piano invece di riusare quello persistito),contratto_motore,non persiste; flag del body,"sulla route Next: decide se riusare il piano gia in DB (motore db) o se ripersistere (motore v2). Sulla Edge Function: irrilevante, perche l'edge ripersiste SEMPRE (replace per data)",pulsante Rigenera nella pagina Nutrizione,sull'edge nulla; sulla route Next di fallback si perderebbe il riuso e ogni chiamata ripersisterebbe (che e comunque il comportamento dell'edge)
atleta,parziale,slots[].scheduledTimeLocal (orario del pasto),contratto_motore,"athlete_profiles.routine_config.meal_times.{breakfast,lunch,dinner,snack_am,snack_pm,snack_evening}. NON persiste nel piano: meal.scheduled_time e null su 900 r","nulla sulla composizione. buildDietMealSlotBudgets produce un campo `time` che resolveDietSlots BUTTA VIA. Resta vivo su tre superfici: il testo slotTimingRationale, le finestre di idratazione della risposta, e a monte (lato client) il calcolo di suppressedSlots/postWorkout","Profilo -> Routine, orari pasto (routine_config.meal_times / week_plan). 25 atleti su 41 hanno routine_config.meal_times","il composer non cambia una virgola. Cambiano: idratazione a finestre, il testo dell'orario sotto ogni pasto, e — indirettamente, perche calcolati lato client PRIMA — quali spuntini vengono soppressi. E la ROUTINE che il modello nuovo vuole tenere: oggi arriva al motore per via traversa (soppressioni"
atleta,inerte,Abilità in cucina (cooking_skill),schema_db,athlete_profiles.nutrition_config -> cooking_skill (text),Nulla.,"apps/web/modules/profile/views/ProfilePageView.tsx:175 (default 'intermediate'), :409 (load), :507 (write)",Niente.
atleta,inerte,Classi allergeniche / intolleranze (chip «Classi di alimenti da escludere»),leve_morte,athlete_profiles.nutrition_config.excluded_food_classes,Nulla. Dovrebbe risolvere l'intera famiglia FDC della classe (query su nutrition_fdc_food_tags) e aggiungere frasi deny bilingui.,"/Users/antoninonocera/empathy/apps/web/modules/profile/views/sections/ProfileNutritionSection.tsx:289-307 (tab Intolleranze, chip da ALLERGEN_CLASS_CATALOG)","Zero perdita di dati (contrariamente al mappatore: nessuno dei 6 profili ha valori). Cadono anche ALLERGEN_CLASS_CATALOG e la query su nutrition_fdc_food_tags. Il concetto «cosa non mangio» resta coperto dai campi testuali allergie/intolleranze/esclusioni, che sono vivi."
atleta,inerte,"Classi allergeniche / intolleranze (chip: glutine, latticini, uova, frutta a guscio, soia, pesce, ...)",superfici_atleta,athlete_profiles.nutrition_config.excluded_food_classes (string[] di chiavi catalogo),OGGI: niente. Dovrebbe risolvere gli fdcId di intere famiglie via nutrition_fdc_food_tags e iniettare frammenti deny bilingui. Ma il suo unico lettore lavora su un profilo che arriva sempre nullo.,ProfileNutritionSection.tsx:289-307 (chip da ALLERGEN_CLASS_CATALOG),"Togliere le chip e gratis OGGI. Ma sono la forma giusta della domanda «cosa non mangi»: prima di eliminarle conviene ripararle (togliere le due colonne fantasma dalla select), perche il meccanismo a valle e gia scritto."
atleta,inerte,"Classi allergeniche escluse (chip: glutine, lattosio, frutta a guscio, …)",superfici_coach,"athlete_profiles.nutrition_config -> excluded_food_classes (string[], chiave globale)","Dovrebbe escludere un'INTERA famiglia risolvendo gli fdcId da nutrition_fdc_food_tags, piu' i frammenti deny bilingui. Oggi non fa nulla.","apps/web/modules/profile/views/sections/ProfileNutritionSection.tsx:289-307 — griglia di chip da ALLERGEN_CLASS_CATALOG, sotto-tab «Intolleranze»","Gratis oggi, ma sarebbe l'errore piu' costoso della lista. Non e' una manopola superflua: e' una funzione giusta e gia' costruita (catalogo + query di risoluzione) che non e' mai stata collegata. E' concettualmente il modo corretto di dire «cosa non mangio» — una classe invece di 30 stringhe libere."
atleta,inerte,Classi allergeniche/intolleranze escluse (excluded_food_classes),schema_db,athlete_profiles.nutrition_config -> excluded_food_classes (string[] di chiavi catalogo),Sulla carta escluderebbe intere FAMIGLIE risolvendo le classi in fdcId via nutrition_fdc_food_tags (family + diet_exclude) e aggiungendo frasi di deny. Oggi non cambia nulla.,apps/web/modules/profile/views/sections/ProfileNutritionSection.tsx:289-306 (chip per classe dal ALLERGEN_CLASS_CATALOG); scrittura ProfilePageView.tsx:511,"Sulla carta era la leva «cosa non mangio» più potente (famiglie intere) e l'infrastruttura sotto (nutrition_fdc_food_tags.diet_exclude, 6.204 righe) esiste ed è viva. Oggi però non ha né dati né un percorso funzionante: o si ripara (spostando la lettura nel builder client) o si cancella."
atleta,inerte,Conferma di consumo del pasto (spunta sul pasto in pagina Nutrizione),superfici_atleta,athlete_profiles.nutrition_config.meal_confirmations[data][slot],Solo la spunta visiva nella pagina. Nessun motore la legge: il piano del giorno dopo non ne tiene conto in alcun modo.,apps/web/modules/nutrition/views/NutritionPageView.tsx (spunta pasto) + hook modules/nutrition/hooks/use-nutrition-quick-actions.ts:40-70,"Gratis per il motore. Costo alto in termini di scritture: ogni spunta rimanda l'INTERO nutrition_config (writer REPLACE, athlete-memory-domain-writer.ts:185-190), per questo serve la coda FIFO."
atleta,inerte,Conferme pasto (nutrition_config.meal_confirmations),leve_morte,nutrition_config.meal_confirmations[data][slot] - ASSENTE su tutte le 41 righe prod,"Solo la spunta nella stessa pagina che l'ha scritta. Non tocca la generazione - anzi, e esplicitamente esclusa dalla firma degli input del solver.","NutritionPageView (toggle conferma pasto, logica a :3069-3085) e hook use-nutrition-quick-actions.ts:40-70",Nulla nella generazione. Verificare prima se la spunta serve come feedback all'atleta (dominio altrui). La `confirmMeal` dell'hook si puo togliere subito: nessun chiamante.
atleta,inerte,Cucine preferite (chip mediterranea/asiatica/thai/messicana/nordic),leve_morte,NESSUNA colonna propria: al salvataggio i token vengono fusi in food_preferences,"Nulla. Diventano voci di food_preferences, che a sua volta e solo testo.",/Users/antoninonocera/empathy/apps/web/modules/profile/views/sections/ProfileNutritionSection.tsx:170-180,Nulla si rompe. E anzi una UI che mente: il valore non e nemmeno recuperabile.
atleta,inerte,Cucine preferite (chip) e Preferenze alimentari CSV,superfici_coach,athlete_profiles.food_preferences (ARRAY) — ProfilePageView.tsx:547 unisce food_preferences + cuisines,Nulla sul contenuto del piano: finisce solo in una riga di testo del solverBasis («Preferenze: …»).,apps/web/modules/profile/views/sections/ProfileNutritionSection.tsx:170-180 (chip cucine) e :278 (input «Preferenze alimentari»). Confluiscono nello stesso camp,Gratis. Nessun alimento viene scelto o scartato in base alle preferenze.
atleta,inerte,"Cucine preferite (mediterranea, asiatica, thai, messicana, nordic)",superfici_atleta,in teoria athlete_profiles.food_preferences (concatenate). In pratica: mai ricaricate — il form azzera il campo a ogni apertura,Niente. Doppiamente morta: il valore non torna nel form e nessuno lo legge nel motore.,ProfileNutritionSection.tsx:170-180 (chip multi-selezione),Gratis. Nessun comportamento cambia.
atleta,inerte,Fuso orario,superfici_atleta,athlete_profiles.timezone (text),"Niente, oggi. Dovrebbe definire «adesso» per la riduzione del giorno corrente (solo i pasti gia passati vengono ridotti); di fatto la finestra si calcola sempre in UTC.",ProfilePersonalSection.tsx:44 (input text) + auto dal browser via app/api/onboarding/timezone/route.ts,"Non e una manopola nutrizionale ma infrastruttura di calendario, ed e gia auto-rilevata dal browser. Da tenere come dato, ma oggi il campo editabile e teatro."
atleta,inerte,"Gare e obiettivi (data, priorita A/B/C, sport)",superfici_atleta,athlete_races,"Niente in nutrizione. Il giorno-gara del piano alimentare NON viene da qui: viene da routine_config.week_plan[gg].day_mode === ""race"" o dal tipo della seduta pianificata.",apps/web/modules/profile/views/sections/ProfileRacesSection.tsx (dentro la tab Routine; insert/update/delete diretti browser->Supabase),"Gratis per la nutrizione. E anche gratis in assoluto oggi (tabella vuota), ma prima di toglierla considera che e l'unico posto strutturato per le gare e il training la legge gia."
atleta,inerte,Giorni di allenamento/settimana e durata massima seduta,superfici_atleta,"athlete_profiles.training_days_per_week, athlete_profiles.training_max_session_minutes","Niente in nutrizione. Sono vincoli del generatore di allenamento e due voci required dell'onboarding: senza, il cron non genera il primo piano (anche alimentare).",ProfileRoutineSection.tsx:55-56,"Gratis per la nutrizione, non per il training ne per l'onboarding."
atleta,inerte,Livello atleta (Beginner / Intermediate / Advanced / Elite),superfici_atleta,athlete_profiles.activity_level (colonna text),Niente per la nutrizione.,ProfilePersonalSection.tsx:42 (select),Gratis per la nutrizione. Verificare prima l'uso nel dominio training (fuori dal perimetro).
atleta,inerte,Livello di attivita (activity_level) - doppione decorativo di lifestyle_activity_class,leve_morte,"athlete_profiles.activity_level (colonna, esiste davvero)",Nulla per la nutrizione: e una etichetta descrittiva.,/Users/antoninonocera/empathy/apps/web/modules/profile/views/sections/ProfilePersonalSection.tsx:42 (beginner/intermediate/advanced/elite),Nulla per Nutrition. Va pero tolto anche dalla UI o rinominato: oggi due tendine consecutive chiedono la stessa cosa e solo una conta.
atleta,inerte,"Livello di attivita' (activity_level) — la terza formula di stile di vita, dormiente",calcolo_automatico,"athlete_profiles.activity_level (colonna vera, valorizzata per 41 atleti su 41)","NULLA nel motore attuale. E' invece il moltiplicatore energetico della RPC Postgres: sedentary 1.35, light 1.50, moderate/intermediate 1.65, advanced 1.80, high 1.85, elite/pro 2.00. Cioe' una TERZA formula di 'stile di vita' accanto al +15/40% del V1 e al PAL 1.25-1.75 del V2 — e con scale incompatibili (la UI offre 'beginner', che la funzione non prevede e fa cadere sull'else 1.60).","Profilo -> Personale, tendina 'Activity level' (beginner / intermediate / advanced / elite) — apps/web/modules/profile/views/sections/ProfilePersonalSection.tsx","Togliere la tendina e' gratis per il motore attuale. Ma prima va deciso: e' l'UNICA delle formule di stile di vita che sta su una colonna vera, leggibile senza il bug PostgREST, e alimenta l'unico percorso in cui day_type_pct funziona davvero. Se si unifica su una formula sola, questa e' la candidat"
atleta,inerte,Marche di integratori preferite (chip),superfici_atleta,athlete_profiles.supplement_config.selected_brands (+ concatenate in athlete_profiles.supplements),Solo l'ordine dei prodotti nel protocollo di rifornimento mostrato in pagina. Zero sul piano pasti.,ProfileNutritionSection.tsx:397-406 (chip SUPPLEMENT_BRANDS) e :408 (textarea CSV),Nessun effetto sul piano pasti.
atleta,inerte,Mobility/Stretching % e note di routine,superfici_atleta,athlete_profiles.routine_config.week_plan[gg].mobility_stretching_pct; athlete_profiles.routine_summary,Niente in nutrizione.,ProfileRoutineSection.tsx:99 (input %) e :102 (textarea note),Gratis.
atleta,inerte,Note libere di routine (routine_summary),schema_db,athlete_profiles.routine_summary (text),Nulla nel piano.,apps/web/modules/profile/views/sections/ProfileRoutineSection.tsx:102 (textarea «Routine notes»); scrittura ProfilePageView.tsx:542,Niente per la nutrizione.
atleta,inerte,Numero pasti - opzioni 1 e 2 pasti,leve_morte,nutrition_config.week_plan[giorno].meal_count_mode,Peggio di niente: generano 1-2 slot che il motore rifiuta con un errore 400 opaco.,"ProfileNutritionSection.tsx:215 (option value=""1"", value=""2"")",Nulla si rompe. Anzi: si chiude una via che porta a un errore 400 opaco e a un piano che non si genera.
atleta,inerte,Numero pasti / digiuno (meal_count_mode) - opzioni fasting e semi-digiuno,leve_morte,nutrition_config.week_plan[giorno].meal_count_mode,Nulla di distinguibile: producono lo stesso piano a 5 pasti del default.,"ProfileNutritionSection.tsx:197-215, opzioni «fasting», «semi-8-16», «semi-6-18», «semi-4-20»",Nulla: 4 voci di menu su 10 che oggi mentono all'utente. Chi seleziona «digiuno 16/8» riceve comunque 5 pasti.
atleta,inerte,Obiettivi dell'atleta (goals),schema_db,athlete_profiles.goals (text[]),Nulla nel piano alimentare (ma il generatore settimanale di training lo legge).,apps/web/modules/profile/views (sezione obiettivi: chips + testo libero); scrittura ProfilePageView.tsx:538-541,"Niente per la nutrizione — ma NON è morto in assoluto, lo usa il generatore settimanale di training. Nota: è l'unico campo che assomiglia a un «obiettivo» e sulla nutrizione non ha alcun effetto; la direzione calorica passa solo da day_type_pct."
atleta,inerte,"Obiettivo / focus (chip: performance, salute, dimagrimento, gara, resistenza) + nota libera",superfici_atleta,athlete_profiles.goals (text[]) — chip canoniche e testo libero uniti in un solo array,Niente sul piano alimentare. Nemmeno «dimagrimento» crea un deficit: il deficit passa solo da day_type_pct.,ProfilePersonalSection.tsx:53-72 (chip) e :73-82 (testo libero),"Gratis per la nutrizione, ma serve al training e all'onboarding: e un campo required di ONBOARDING_ITEMS — senza, planReady=false e il cron non genera nulla."
atleta,inerte,Percentuale mobilità/stretching della routine (mobility_stretching_pct),schema_db,athlete_profiles.routine_config -> week_plan[wd].mobility_stretching_pct (number),Nulla in nutrizione.,apps/web/modules/profile/views/sections/ProfileRoutineSection.tsx (campo % nella scheda allenamento),"Niente per la nutrizione (da verificare se serve al dominio training, fuori dal mio perimetro)."
atleta,inerte,Preferenza cibo fatto in casa (home_cooked_preference),schema_db,athlete_profiles.nutrition_config -> home_cooked_preference (boolean),Nulla.,"apps/web/modules/profile/views/ProfilePageView.tsx:176 (default 'true'), :410 (load), :508 (write)",Niente.
atleta,inerte,Preferenze alimentari (campo CSV libero),superfici_atleta,athlete_profiles.food_preferences (text[]),Niente sul piano: compare solo come riga di testo nel pannello «basi del solver».,"ProfileNutritionSection.tsx:278 (input text CSV, in fondo al tab Diet)",Gratis e anzi doveroso: e una promessa non mantenuta (l'atleta scrive «mi piace il salmone» e non succede nulla).
atleta,inerte,Preferenze alimentari (campo CSV «Preferenze alimentari»),leve_morte,athlete_profiles.food_preferences (text[]) - 9 profili su 41 valorizzati,Nulla nella scelta dei cibi: produce una riga di testo nel riquadro «basi del solver».,/Users/antoninonocera/empathy/apps/web/modules/profile/views/sections/ProfileNutritionSection.tsx:278,Sparisce una riga di testo. Nessun alimento cambia.
atleta,inerte,Preferenze alimentari (food_preferences),schema_db,athlete_profiles.food_preferences (text[]),Nulla nella composizione: finisce solo in una riga di testo descrittiva mostrata nella UI.,apps/web/modules/profile/views/sections/ProfileNutritionSection.tsx:278 (campo CSV «preferenze»); scrittura ProfilePageView.tsx:548-551 (unito a form.cuisines),Sparisce solo una riga di testo. Nove atleti hanno dichiarato una preferenza che il sistema non ha mai onorato: è peggio tenerla così che toglierla.
atleta,inerte,Questionari di onboarding (risposte testo/numero/booleano/scelta),superfici_atleta,"questionnaire_answers (athlete_id, question_id, value jsonb) — ultima risposta vince, nessuno storico","Niente. E un silo: l'unico modulo che legge quella tabella e la sezione stessa, per ripopolare il form.",apps/web/modules/profile/views/sections/ProfileQuestionnairesSection.tsx (5a tab del profilo; upsert diretto browser->Supabase),"Gratis oggi. Se il modello nuovo vuole chiedere «routine + cosa non mangi», questa e infrastruttura pronta ma completamente scollegata dal motore."
atleta,inerte,Strategia pasti legacy (meal_strategy root),schema_db,athlete_profiles.nutrition_config -> meal_strategy (text: '3-meals' | '5-meals' | '6-meals'),Fallback del numero di pasti quando il giorno non ha meal_count_mode.,"apps/web/modules/profile/views/ProfilePageView.tsx:161 (default '3-meals'), :395 (load), :494 (write) — non c'è più un select dedicato",Niente.
atleta,inerte,Tempo di preparazione (prep_time_minutes),schema_db,athlete_profiles.nutrition_config -> prep_time_minutes (number),Nulla.,"apps/web/modules/profile/views/ProfilePageView.tsx:174 (default '45'), :408 (load), :506 (write)",Niente.
atleta,inerte,Tipologia giorno (digiuno / severo / catabolico / normocalorico / anabolico),superfici_coach,athlete_profiles.nutrition_config -> week_plan[gg].day_type (stringa),Da sola: niente. Al cambio della select l'handler scrive ANCHE day_type_pct col valore rappresentativo (0/22/75/100/115). Tutto l'effetto passa da li'.,"apps/web/modules/profile/views/sections/ProfileNutritionSection.tsx:216 — select 5 opzioni, non disabilitata","Gratis come campo persistito. Ma e' l'unica etichetta umana della leva calorica: se il modello nuovo e' ipercalorico|normocalorico|ipocalorico, questa select E' gia' quella UI — va tenuta come nome e ricollegata, non buttata."
atleta,inerte,Tipologia giorno (ipo/normo/ipercalorico) — l'etichetta,schema_db,athlete_profiles.nutrition_config -> week_plan[Mon..Sun].day_type (text),Nulla di diretto sul piano. Serve solo a pre-compilare day_type_pct via defaultPctForDayType (profile-page-kit.ts:277). La stringa non arriva mai al motore.,apps/web/modules/profile/views/sections/ProfileNutritionSection.tsx:216 (select fasting-0 / severe-15-30 / catabolic-50-99 / normocaloric-100 / anabolic-101-130,Il motore non si accorge di niente. Ma sparisce l'unico modo con cui la scelta iper/normo/ipo diventa il numero day_type_pct: va ricablata direttamente sul PCT (o su un campo nuovo letto allo stesso punto).
atleta,inerte,Tipologia giorno Diet (digiuno / severo / catabolico / normocalorico / anabolico),superfici_atleta,athlete_profiles.nutrition_config.week_plan[gg].day_type (piu day_type_pct riscritto dal preset),"Niente di suo. E solo un preset che al cambio scrive day_type_pct (0/22/75/100/115). La stringa salvata viene letta e messa nel modello risolto, ma nessun calcolo la consuma.","ProfileNutritionSection.tsx:216 (select, per giorno)","Gratis di per se, MA e l'unico modo con cui l'atleta imposta day_type_pct senza digitare un numero. E il candidato naturale da riciclare come select a 3 valori del coach (ipo/normo/iper -> 85/100/115)."
atleta,inerte,Token integratori (supplement_config.selected_tokens),schema_db,"athlete_profiles.supplement_config -> selected_tokens (string[], es. 'carboidrati:Maltodestrina', 'ergo:Caffeina')",Nulla.,nessuna UI di lettura; scritti derivandoli dal campo integratori a ProfilePageView.tsx:515,Niente. È dato scritto e mai riletto.
atleta,inerte,foodPreferences (preferenze alimentari),contratto_motore,athlete_profiles.food_preferences (array) — 9 atleti su 41 lo hanno compilato,NULLA sul piano. Diventa solo una riga di testo Preferenze: ... nel pannello di trasparenza,"Profilo -> nutrizione, campo CSV — /Users/antoninonocera/empathy/apps/web/modules/profile/views/sections/ProfileNutritionSection.tsx:278",si perde una riga nel pannello di trasparenza. Nessun impatto sul piano. NB: il campo e letto anche da athlete-memory-resolver.ts:178 (preferredFoods) — verifica quella superficie prima di droppare la colonna
atleta,inerte,supplements (integratori dichiarati),contratto_motore,athlete_profiles.supplements (array) — 8 atleti su 41,NULLA sul piano. Solo la riga Integratori (nota): ... nella trasparenza,Profilo -> nutrizione (supplements),nessun impatto sul piano
coach,viva,Classe di attivita' lifestyle (sedentary / moderate / active / very_active),superfici_coach,athlete_profiles.routine_config -> lifestyle_activity_class. NON e' una colonna: ProfilePageView.tsx:466 la mette dentro routine_config (verificato: la colonna ,Aggiunge al BMR una quota di calorie non-allenamento: nel V2 come moltiplicatore PAL (1.25-1.75).,apps/web/modules/profile/views/sections/ProfilePersonalSection.tsx:43 — select «Lifestyle» con le percentuali in etichetta (+15% … +40%),"Si puo' stimare dal device: daily-energy-solver.ts:29-31 gia' prevede `observedActiveKcal`, e quando c'e' il consumo reale il fabbisogno lo segue e la stima lifestyle passa in secondo piano."
coach,viva,Costo energetico dell'allenamento pianificato,calcolo_automatico,"planned_workouts.kcal_target, tss_target, duration_minutes, notes (contratto Builder JSON dentro notes)","Terza componente del fabbisogno. Se kcal_target c'e' si usa quello; se manca ma c'e' TSS si stima TSS x 10 x fattore(0.85-1.15); se manca tutto, zero.",Builder / Calendario training (crea planned_workouts); nessun campo in Nutrizione,"Il piano smetterebbe di distinguere un giorno di riposo da un'uscita di 4 ore. E' il cuore della periodizzazione automatica reale (a differenza di quella dichiarata da strategyKind, che e' finta)."
coach,viva,Distribuzione calorica per pasto (% colazione/pranzo/cena/spuntini),schema_db,"athlete_profiles.nutrition_config -> week_plan[wd].caloric_distribution {breakfast, lunch, dinner, snacks, opz. snack_am/snack_pm/snack_evening}",Decide quante kcal finiscono in ogni pasto: è il primo taglio del budget giornaliero.,"apps/web/modules/profile/views/sections/ProfileNutritionSection.tsx:224-250 (4-7 input number, `disabled={!canEditNutritionPercents}`)","Serve una regola automatica: oggi il fallback è profileParityCaloricDistribution 30/35/25/10 (resolve-nutrition-diet-day.ts:169-177). La tabella nutrition_meal_distribution (21 righe, ferma) è già il modello di quella regola."
coach,viva,"Distribuzione calorica tra i pasti (% colazione/pranzo/cena/spuntini, o 3 spuntini separati con 6 pasti)",superfici_atleta,"athlete_profiles.nutrition_config.week_plan[gg].caloric_distribution.{breakfast,lunch,dinner,snacks,snack_am,snack_pm,snack_evening}",Come si spezza il budget kcal del giorno fra i pasti: quanto pesa la colazione rispetto alla cena.,"ProfileNutritionSection.tsx:224-250 — input VISIBILI all'atleta ma `disabled={!canEditNutritionPercents}` (ProfilePageView.tsx:95: role===""coach"" || adminScoped",Il sistema non si rompe: resolve-nutrition-diet-day.ts:169-177 profileParityCaloricDistribution inventa 30/35/25/10 quando i campi mancano. Ma tutti i piani diventerebbero 30/35/25/10 salvo derivare la distribuzione da orari + allenamento.
coach,viva,Distribuzione calorica tra i pasti e numero di pasti,calcolo_automatico,athlete_profiles.nutrition_config -> week_plan[wd].meal_count_mode e .caloric_distribution; anche athlete_profiles.preferred_meal_count,Decide in quanti pasti spezzare il budget e con che percentuali (default 30/35/25/10). Con 6 pasti gli spuntini si dividono am/pm/serale; con 3 o meno la quota spuntini viene ridistribuita proporzionalmente sui pasti principali.,Profilo -> Nutrizione -> Diet: tendina numero pasti (ProfileNutritionSection.tsx:197) + percentuali per pasto (:224-250),Il numero di pasti e' esattamente la 'routine' da lasciare all'atleta e va tenuto. Le PERCENTUALI invece sono deducibili dagli orari (un pasto vicino all'allenamento pesa di piu'): quelle si possono automatizzare senza perdere informazione.
coach,viva,Giorno gara: pre-gara e recupero post-gara,calcolo_automatico,athlete_profiles.routine_config (week_plan[day].day_mode = 'race') + planned_workouts,"Ricostruisce pranzo pre-gara e pasto di recupero post-gara con composizioni dedicate, riscrive gli orari, sopprime gli slot in conflitto e forza strategyKind='race'. E' l'unico punto in cui i budget per slot vengono sovrascritti anche quando il Diet e' configurato.",Profilo -> Routine (day_mode = race) e Builder per la seduta di gara; nessun controllo in Nutrizione,Si perde tutta la gestione gara. Alto rischio: e' logica specialistica scritta apposta e funzionante.
coach,viva,Macronutrienti giornalieri (CHO/PRO/FAT %),superfici_atleta,"athlete_profiles.nutrition_config.week_plan[gg].daily_macros.{cho_pct,pro_pct,fat_pct}",La ripartizione macro di ogni slot pasto e quindi i grammi di ciascun alimento: il solver porzioni insegue carbsG/proteinG/fatG dello slot.,ProfileNutritionSection.tsx:258-260 — visibili all'atleta ma disabled,"Default gia pronto: DEFAULT_MACRO_SPLIT = {carbs:50, protein:25, fat:25} (build-meal-plan-v2-production.ts:32). Togliendola tutti i piani girerebbero a 50/25/25, a meno di derivare i macro dal carico (i template g/kg per strategia esistono in v2/daily-nutrition-requirements.ts ma oggi NON comandano "
coach,viva,Peso corporeo dell'atleta,superfici_coach,"athlete_profiles.weight_kg (numeric, colonna esistente)","L'input piu' pesante della nutrizione: entra nel BMR (quindi nel fabbisogno kcal e nelle kcal di ogni pasto), nei target macro g/kg del V2, nel protocollo pre-gara (g CHO/kg) e nell'idratazione (peso x 33 ml).","apps/web/modules/profile/views/sections/ProfilePhysicalSection.tsx:24 — «Weight (kg)», tab «Fisico» del profilo in scope coach",Non e' una leva da togliere: e' un dato. Va notato che oggi il coach lo scrive a mano mentre potrebbe arrivare dal device.
coach,viva,Rapporti macronutrienti giornalieri (CHO/PRO/FAT %),schema_db,"athlete_profiles.nutrition_config -> week_plan[wd].daily_macros {cho_pct, pro_pct, fat_pct}","È il rapporto grassi/carboidrati/proteine con cui viene sciolto ogni slot pasto — la manopola che il proprietario cita esplicitamente («i rapporti dei macronutrienti, i grassi»).","apps/web/modules/profile/views/sections/ProfileNutritionSection.tsx:258-260 (CHO/PRO/FAT, `disabled={!canEditNutritionPercents}`)",Il motore ricade su DEFAULT_MACRO_SPLIT 50/25/25 (build-meal-plan-v2-production.ts:32). Cambia il piano solo ai 5 atleti che l'hanno personalizzata.
coach,viva,Rapporti macronutrienti per singolo pasto (meal_macro_custom),schema_db,"athlete_profiles.nutrition_config -> week_plan[wd].meal_macro_custom {breakfast|lunch|dinner|snacks: {cho_pct, pro_pct, fat_pct}}",Dà a colazione un rapporto diverso da cena. I pasti senza voce dedicata restano sullo split globale.,"apps/web/modules/profile/views/sections/ProfileNutritionSection.tsx:270-272 (griglia 4 pasti x 3 macro, `disabled={!canEditNutritionPercents}`)",Effetto reale su ~5 atleti. Il ramo `null` (split globale ovunque) esiste già: rimozione a costo quasi zero lato motore.
coach,viva,"Seduta pianificata a calendario: durata, TSS, kcal target (coach -> nutrizione)",superfici_coach,"planned_workouts.{duration_minutes, tss_target, kcal_target, type, notes} per (athlete_id, date)","E' la leva coach piu' potente sulla nutrizione, e non e' dentro Nutrizione: la spesa energetica entra nel fabbisogno del giorno (mealsKcal), nella quota fueling, nei g CHO/h e nella strategia V2.",apps/web/components/coach/CalendarSessionEditModal.tsx:105-115 — modale di modifica seduta nel Calendario/Builder coach (rotta /athletes/[athleteId]/training),"Non e' una manopola di nutrizione da togliere: e' il canale legittimo con cui il coach influenza il piano, e l'unico che regge in ogni ramo. Nel modello nuovo diventa il canale principale."
coach,viva,Split macro giornaliero (CHO / PRO / FAT in %),calcolo_automatico,"athlete_profiles.nutrition_config -> week_plan[wd].daily_macros {cho_pct, pro_pct, fat_pct}; legacy anche nutrition_config.macro_split","Converte le kcal di ogni pasto in grammi: carbs = kcal x cho%/4, protein = kcal x pro%/4, fat = kcal x fat%/9. Questi grammi sono l'UNICO target che il compositore vede.","Profilo -> Nutrizione -> Diet, tre campi CHO/PRO/FAT — ProfileNutritionSection.tsx:258-260",Serve un sostituto obbligatorio: senza uno split il compositore non sa quanti grammi mettere. Il candidato naturale e' `dailyMacroTargetsGPerKg` del V2 (oggi inerte) o una regola fissa che scala col carico. E 5 coach l'hanno gia' personalizzato: togliendolo si toglie una scelta che stanno usando.
coach,viva,dietDay.caloricDistribution (% kcal per pasto) e mealCountMode (3/4/5/6 pasti),contratto_motore,athlete_profiles.nutrition_config.week_plan[giorno].caloric_distribution e .meal_count_mode (fallback legacy nutrition_config.caloric_split / meal_strategy). 25,decide quanti pasti esistono e come si spartiscono le kcal. Determina anche il numero di slot accettato: route-prep.ts:201-203 rifiuta con 400 se non stanno tra 3 e 6,"Profilo -> Diet, per ciascun giorno della settimana (ProfileNutritionSection.tsx, selettore meal_count_mode ~:210); raggiungibile anche dall'atleta",si cade nel ramo fallback :135-143 che usa i target del client; con Diet mancante resolveNutritionDietDay ritorna configured=false e il motore dipende interamente dal payload del browser
coach,viva,dietDay.dailyMacros (split macro % del giorno: carbs/protein/fat),contratto_motore,"nutrition_config.week_plan[giorno].daily_macros.{cho_pct,pro_pct,fat_pct} (fallback nutrition_config.macro_split)",converte le kcal di ogni pasto in grammi target di CHO/PRO/FAT; quei grammi sono il vincolo che il solver di porzioni cerca di soddisfare scegliendo i grammi degli alimenti,"Profilo -> Diet, macro giornalieri per giorno (raggiungibile anche dall'atleta)","default 50/25/25 (DEFAULT_MACRO_SPLIT, build-meal-plan-v2-production.ts:32). E la manopola rapporti dei macronutrienti che il proprietario vuole togliere: e viva e tocca direttamente i grammi degli alimenti"
coach,viva,dietDay.mealMacroCustom (split macro personalizzato per singolo pasto),contratto_motore,"nutrition_config.week_plan[giorno].meal_macro_custom.{breakfast,lunch,dinner,snacks}.{cho_pct,pro_pct,fat_pct} — 24 atleti su 41 hanno la chiave","per gli slot che hanno la voce, il target macro devia dallo split globale. Le kcal del pasto NON cambiano, cambiano solo i grammi di CHO/PRO/FAT richiesti al solver: e la manopola i grassi del singolo pasto","Profilo -> Diet, macro per-pasto (colazione/pranzo/cena/spuntini)","gli slot tornano tutti sullo split giornaliero. Viva, ma solo per chi ha scostato davvero i valori dal preset — dei 24 con la chiave, quanti abbiano davvero scostato non e distinguibile senza confrontare riga per riga col preset"
coach,viva,dietDayMealsScalePct — day_type_pct (ipocalorico / normocalorico / ipercalorico),contratto_motore,"athlete_profiles.nutrition_config.week_plan[giorno].day_type_pct (il `day_type` testuale e solo un'etichetta, vedi prova). 25 atleti su 41 hanno week_plan","moltiplica il fabbisogno giornaliero (BMR + lifestyle + training) prima di ripartirlo sui pasti. E LA leva ipo/normo/iper, codice corretto e funzionante — ma oggi in produzione e a valore neutro su OGNI atleta-giorno",/Users/antoninonocera/empathy/apps/web/modules/profile/views/sections/ProfileNutritionSection.tsx:216 (tendina digiuno-0 / severo-15-30 / catabolico-50-99 / nor,"si perde l'unica leva che sposta l'energia totale — ma nessun piano oggi in produzione cambierebbe di una kcal. Nota di prodotto: se un coach cambia la tendina e il campo % non lo segue, l'effetto e zero (e la riga anabolic con pct 100 in DB e esattamente questo caso)"
coach,viva,ftpWatts (soglia funzionale) — input non-request,contratto_motore,athlete_profiles.ftp_watts,converte le percentuali %FTP delle sedute in watt e determina i tassi di ossidazione substrati (CHO/FAT/PRO per ora) da cui esce l'energia training e il fueling,"Profilo -> dati performance (ftp_watts), modificabile anche dall'atleta",la stima energetica delle sedute crolla su un FTP fittizio di 250 W
coach,viva,plannedSessions (sedute pianificate del giorno) — input non-request,contratto_motore,"planned_workouts (duration_minutes, type, notes, tss_target, kcal_target)","determina l'energia da allenamento, i substrati bruciati, il piano fueling (pre/intra/post CHO) e, per sottrazione, le kcal dei pasti",calendario Training / Builder,il piano diventa cieco all'allenamento
coach,viva,«Copia dal giorno precedente» (Dieta),superfici_coach,"Niente di proprio: clona in stato locale l'intero DietDayConfig del giorno prima, poi si salva col resto","Duplica in un colpo TUTTE le leve del giorno (distribuzione, macro, macro per pasto, tipologia, %, numero pasti). E' un moltiplicatore delle altre leve, non una leva propria.",apps/web/modules/profile/views/sections/ProfileNutritionSection.tsx:186-192 — chip accanto ai giorni della settimana,"Sparisce da sola se spariscono le manopole per-giorno. Se resta il modello per-giorno, e' una comodita' pura."
coach,parziale,% calorie rispetto al fabbisogno (day_type_pct),leve_morte,nutrition_config.week_plan[giorno].day_type_pct,Scala il fabbisogno pasti del giorno - ma solo attraverso il ricalcolo del browser. Nel motore arriva sempre 100.,ProfileNutritionSection.tsx:217 (input numerico 0-130),E l'unica leva iper/ipocalorica esistente e la candidata naturale a diventare l'unica manopola del coach. Ma va detto al proprietario che oggi e a 100 su tutti: toglierla non cambierebbe un solo piano.
coach,parziale,% calorie rispetto al fabbisogno (day_type_pct) — la leva ipo/normo/iper,calcolo_automatico,athlete_profiles.nutrition_config -> week_plan[Mon..Sun].day_type_pct (clampato 0-200),"Scala l'INTERO fabbisogno del giorno: totale e quota pasti moltiplicati per pct/100. E' esattamente il concetto che il proprietario vuole tenere, ma oggi e' per-giorno-della-settimana, a granularita' numerica libera, e nessuno l'ha mai usata.","Profilo -> Nutrizione -> Diet, campo numerico '% calorie rispetto fabbisogno' — apps/web/modules/profile/views/sections/ProfileNutritionSection.tsx:217","E' il concetto da TENERE, ma va riscritto, non conservato com'e': oggi arriva al motore solo dal calcolo del browser, ha zero adozione, e vive accanto a due leve che fanno la stessa cosa (split macro e macro per-pasto). Tenerne una sola, a tre scelte, e cablarla server-side."
coach,parziale,Distribuzione calorica dei pasti (colazione/pranzo/cena/spuntini %),leve_morte,nutrition_config.week_plan[giorno].caloric_distribution,Determina le kcal per pasto - ma solo perche le ricalcola il browser e le spedisce dentro plan.slots.,ProfileNutritionSection.tsx:221-253 (input disabilitati per l'atleta via canEditNutritionPercents),Il piano perde la ripartizione per pasto e deve derivarla da regole. Nota: e viva SOLO dal browser; i piani generati dal cron gia oggi la ignorano - verificabile sui piani 2026-08-06/08-13 dell'atleta 21ac881a creati in blocco il 2026-08-04 sera.
coach,parziale,"Distribuzione calorica fra i pasti (colazione / pranzo / cena / spuntini, in %)",superfici_coach,"athlete_profiles.nutrition_config -> week_plan[gg].caloric_distribution = { breakfast, lunch, dinner, snacks }",Spacca il fabbisogno kcal del giorno fra gli slot: kcal_slot = dailyKcal * pct/100. Spostare colazione da 30 a 20 sposta ~10% delle calorie (e degli alimenti) sugli altri pasti.,"apps/web/modules/profile/views/sections/ProfileNutritionSection.tsx:224 (colazione), :225 (pranzo), :226 (cena), :250 (spuntini) — tutti `disabled={!canEditNutr","ATTENZIONE, il mappatore qui sbaglia: i default sono TRE e divergenti. UI/parity = 30/35/25/10 (profile-page-kit.ts:299 e resolve-nutrition-diet-day.ts:170-174); CRON = 25/35/30/10 (generate-meal-plan-v2-headless.ts:16), che inverte colazione e cena. Prima di sostituire la manopola con un default va"
coach,parziale,Distribuzione dei tre spuntini (mattina / pomeriggio / sera) in modalita' 6 pasti,superfici_coach,"athlete_profiles.nutrition_config -> week_plan[gg].caloric_distribution.{snack_am, snack_pm, snack_evening}",Assegna la quota di ciascuno dei tre spuntini. Senza valori espliciti il sistema divide la quota `snacks` fra i tre.,"apps/web/modules/profile/views/sections/ProfileNutritionSection.tsx:229 / :235 / :241 — compaiono solo se meal_count_mode === ""6""; `disabled={!canEditNutritionP",Si perde solo la differenziazione fra i tre spuntini: resolveSixMealSnackPercentages copre gia' il caso senza valori espliciti dividendo la quota `snacks`.
coach,parziale,Esclusione alimento «per questa sessione» dal Piano (coachSessionFoodExclusions),leve_morte,NESSUNA persistenza: useState in memoria,"Esclude davvero l'alimento dalla prossima rigenerazione (confluisce nel deny testuale), poi si perde al reload.",MealPlanSection.tsx:301-303 (props verso il figlio) - stato in NutritionPageView.tsx:502,Il coach perde un'esclusione al volo che comunque non sopravvive a un F5.
coach,parziale,Macro giornalieri CHO / PRO / FAT,superfici_coach,"athlete_profiles.nutrition_config -> week_plan[Mon…Sun].daily_macros = { cho_pct, pro_pct, fat_pct }","Converte le kcal di ogni slot in grammi: carbs=kcal*cho%/4, protein=kcal*pro%/4, fat=kcal*fat%/9. Sono i target macro che il compositore usa per scegliere e scalare gli alimenti.","apps/web/modules/profile/views/sections/ProfileNutritionSection.tsx:258-260 — tre input CHO/PRO/FAT, `disabled={!canEditNutritionPercents}`. Rotta: /athletes/[a","Serve una regola automatica. Il default e' 50/25/25 (profile-page-kit.ts:300); i 4 atleti con valori veri (65/12/23, 66/14/20, 72/12/16) tornerebbero al preset. daily-nutrition-requirements.ts:25-32 ha gia' template g/kg per strategia, oggi non usati per i budget slot: sono il sostituto naturale."
coach,parziale,Macro personalizzati per singolo pasto (meal_macro_custom),leve_morte,nutrition_config.week_plan[giorno].meal_macro_custom,"Fa deviare i singoli pasti dallo split globale - quando i valori NON sono il preset che la UI scrive da sola, e sempre e solo passando dal ricalcolo del browser.",ProfileNutritionSection.tsx:264-276 (griglia 4 pasti x 3 macro),Cinque atleti perdono una personalizzazione reale. Prima di rimuoverla vanno guardati quei 26 giorni: sono l'unico posto dove il coach ha davvero disegnato il pasto.
coach,parziale,Macronutrienti giornalieri (CHO/PRO/FAT %),leve_morte,nutrition_config.week_plan[giorno].daily_macros,Ripartisce le kcal di ogni slot in grammi di macro - stessa dipendenza dal browser.,ProfileNutritionSection.tsx:255-262,E la manopola che il proprietario vuole togliere. Serve una regola che decida i macro; il default 50/25/25 e gia il fallback di tutti i rami. Ma ~5 atleti hanno impostazioni high-carb reali che si perderebbero.
coach,parziale,Macronutrienti personalizzati per singolo pasto (CHO/PRO/FAT per colazione/pranzo/cena/spuntini),superfici_atleta,"athlete_profiles.nutrition_config.week_plan[gg].meal_macro_custom.{breakfast,lunch,dinner,snacks}",Fa deviare i macro di UNO slot dallo split globale (es. colazione 70% CHO). Ignorata di proposito se i 4 pasti valgono esattamente il preset di fabbrica scritto dalla UI.,ProfileNutritionSection.tsx:266-275 (griglia 4 pasti x 3 macro) — visibili all'atleta ma disabled,E la manopola piu fine e la meno giustificabile. Togliendola si torna allo split giornaliero — comportamento gia implementato e testato (null -> split globale). Rimozione a basso rischio.
coach,parziale,Orari dei pasti per giorno della settimana (Routine),superfici_coach,"athlete_profiles.routine_config -> week_plan[gg].{wake_time, breakfast_time, snack_time, lunch_time, afternoon_snack_time, dinner_time, night_time}, piu' routin",Orario di ogni slot del piano; e da li' anche quali spuntini vengono SOPPRESSI perche' cadono nella finestra di allenamento.,"apps/web/modules/profile/views/sections/ProfileRoutineSection.tsx:78-85 — tab «Routine», sette input time per ciascuno dei 7 giorni",Da NON togliere: nel modello nuovo e' esattamente «la ROUTINE» che l'atleta deve poter dichiarare. Semmai cambia proprietario (dal coach all'atleta).
coach,parziale,"Sedute pianificate del giorno nella routine (ha allenamento, orario e durata seduta 1 e 2)",superfici_coach,"athlete_profiles.routine_config -> week_plan[gg].{has_training, training1_start_time, training1_duration_minutes, has_training2, …}","Definisce la finestra di allenamento «tipica»: da li' si decide quali spuntini sopprimere, quali pasti marcare come post-workout, e in assenza di sedute reali e' la fonte sintetica per la rilevazione gara.","apps/web/modules/profile/views/sections/ProfileRoutineSection.tsx:92-99 — «Sessioni di allenamento», per ciascun giorno",C'e' gia' una fonte migliore e piu' precisa: le sedute reali in planned_workouts scritte dal calendario coach. Questa e' la copia dichiarativa e ridondante.
coach,parziale,Tipo di giorno routine: training / recovery / RACE,superfici_coach,athlete_profiles.routine_config -> week_plan[gg].day_mode ('training' | 'recovery' | 'race'),"Con 'race' il piano cambia forma: protocollo pre-gara (g CHO/kg dedicati, orario spostato), soppressione degli spuntini, pasto di recupero post-gara.",apps/web/modules/profile/views/sections/ProfileRoutineSection.tsx:87 — select nella tab Routine (da non confondere con quella della tab Dieta),"Il flag gara e' una vera funzione clinica, non una manopola di comodo. Andrebbe derivato dal calendario gare (athlete_races) invece che dichiarato due volte."
coach,parziale,Toggle «aderenza / adattamento da diario»,superfici_coach,"nutrition_constraints.adaptation_adherence_opt_in (boolean), upsert diretto browser->Supabase","Accende il confronto piano-vs-assunto dal diario: con >=2 giorni loggati la scala energia allenamento viene modulata (x0.93 / x0.965 / x1.012), e con essa la ripartizione pasti/fueling.","apps/web/modules/nutrition/views/NutritionPageView.tsx:3355-3372 — checkbox dentro l'accordion «Dettagli motore», gated showTech (coach o admin)","E' una decisione di prodotto, non una manopola tecnica: o il sistema usa sempre il diario o non lo usa mai. Togliendo il toggle bisogna scegliere il default (oggi e' spento: useState(false) a NutritionPageView.tsx:393)."
coach,parziale,caloric_split / macro_split alla radice di nutrition_config (percentuali legacy),superfici_atleta,athlete_profiles.nutrition_config.caloric_split e .macro_split (e le copie dentro .meal_plan),"Fallback: quando il giorno del week_plan non ha caloric_distribution/daily_macros, il motore usa questi. Per i 16 atleti senza week_plan sono l'unica fonte.","nessuna UI — ProfilePageView.tsx:494-503 li riscrive a ogni salvataggio da campi form (caloric_split_breakfast/lunch/dinner/snacks, macro_carbs_pct/protein_pct/","Per i 25 con week_plan e gratis. Per i 16 senza, sparirebbe l'unica distribuzione e scatterebbe profileParityCaloricDistribution (30/35/25/10) o il ramo non-configurato con gli slot del client."
coach,parziale,caloric_split / macro_split legacy alla radice di nutrition_config e dentro meal_plan,superfici_coach,"athlete_profiles.nutrition_config -> caloric_split, macro_split, meal_plan.caloric_split, meal_plan.macro_split, meal_plan.daily_kcal, meal_strategy",Sono il FALLBACK storico: valgono solo per i giorni in cui week_plan[gg] non e' configurato.,"Nessuna UI dedicata. Scritti come effetto collaterale da due punti: il salvataggio profilo (ProfilePageView.tsx:495-505, da form.caloric_split_* / form.macro_*)","Prima di cancellare va verificato per ogni atleta che week_plan copra tutti e 7 i giorni: dove non copre, togliere il legacy fa cadere il giorno nel default — e il default non e' lo stesso ovunque (vedi la leva distribuzione)."
coach,inerte,Approvazione/rifiuto delle decisioni applicative (manual_actions) e memoria coach validata,superfici_coach,"manual_actions.status (+ applied_at) e, all'applicazione, una riga in athlete_coach_application_traces",Sul contenuto del piano: nulla. Le azioni con target nutrition/fueling diventano una «direttiva applicativa» che produce parole chiave di focus e righe di testo mostrate come note.,"apps/web/modules/physiology/views/BioenergeticTransparencyHubPageView.tsx:449-455 — bottoni «Applica / Rifiuta» sulle azioni pending, gated showTech. Vive nel m",Gratis dal punto di vista del piano generato. Si perde solo la tracciabilita' mostrata a coach/admin.
coach,inerte,Macro custom per singolo pasto (colazione/pranzo/cena/spuntini x CHO/PRO/FAT — 12 campi),superfici_coach,"athlete_profiles.nutrition_config -> week_plan[gg].meal_macro_custom.{breakfast|lunch|dinner|snacks}.{cho_pct,pro_pct,fat_pct}","NULLA, oggi. Dovrebbe far deviare i macro di un singolo slot dallo split globale.","apps/web/modules/profile/views/sections/ProfileNutritionSection.tsx:270-272 — 4 card x 3 input, tutti `disabled={!canEditNutritionPercents}`","Niente si rompe. Candidato numero uno alla rimozione: 12 campi visibili, zero effetto. Non farsi ingannare leggendo reconcile-meal-plan-slots-with-diet.ts e build-meal-plan-v2-production.ts: SEMBRANO usarla."
coach,inerte,Macro custom per singolo pasto (colazione/pranzo/cena/spuntini),calcolo_automatico,athlete_profiles.nutrition_config -> week_plan[wd].meal_macro_custom,"Dovrebbe permettere a un pasto di deviare dallo split globale (es. colazione 70/12/18, cena 40/25/35). Le kcal non cambiano, cambia solo la traduzione in grammi. Oggi non cambia nulla: nessuno dei due rami la applica.","Profilo -> Nutrizione -> Diet, 4 pasti x 3 percentuali — ProfileNutritionSection.tsx:270-272","NON e' 'la manopola piu' sicura da eliminare' come sostiene il mappatore. Oggi togliendola non si rompe nulla, vero, ma perche' 5 coach stanno gia' compilando quei 12 campi e il motore li getta in silenzio. Le opzioni oneste sono due: o si collega (una riga: passare macroSplitByMeal a NutritionPageV"
coach,inerte,Predictor what-if + bottone «Salva configurazione predictor/fueling»,superfici_coach,"athlete_profiles.nutrition_config -> performance_predictor, .fueling, .nutriomics_engine, .meal_plan, .caloric_split (root), .meal_strategy",Sul PIANO PASTI: nulla. Le chiavi salvate vengono rilette solo dalla stessa pagina per ripopolare i propri campi.,"apps/web/modules/nutrition/views/NutritionPageView.tsx:3298-3339 — accordion «Previsione», visibile solo con showTech (= role coach o adminScoped, definito a :3","Gratis. Attenzione: lo stesso handler scrive anche caloric_split alla radice e meal_plan.caloric_split (leva seguente), quindi va rimosso il salvataggio per intero, non solo i campi predictor."
coach,inerte,Tipo giorno (etichetta: digiuno / severo / catabolico / normocalorico / anabolico),leve_morte,nutrition_config.week_plan[giorno].day_type (175 day-config),Nulla di per se. Il select serve solo a pre-compilare day_type_pct al momento del cambio; poi conta solo la percentuale.,ProfileNutritionSection.tsx:216 (select «Tipo giorno»),Serve mantenere day_type_pct (o sostituirlo). E esattamente la leva che il modello nuovo vuole dare al coach: oggi l'etichetta e morta e conta solo il numero.
coach,inerte,Tipologia giorno (digiuno / severo / catabolico / normocalorico / anabolico),calcolo_automatico,athlete_profiles.nutrition_config -> week_plan[wd].day_type (stringa),NULLA di per se'. Selezionandola la UI riempie automaticamente day_type_pct con 0 / 22 / 75 / 100 / 115. Il motore legge solo il %.,"Profilo -> Nutrizione -> Diet, tendina 'Tipologia giorno' — ProfileNutritionSection.tsx:216","Zero conseguenze, purche' resti il campo %. Anzi: e' la duplicazione piu' fuorviante del prodotto — due controlli affiancati che dicono la stessa cosa, uno vivo e uno decorativo, e l'unico coach che ha scelto 'anabolico' ha ottenuto un piano normocalorico."
coach,inerte,supplement_config (configurazione integratori del profilo),contratto_motore,athlete_profiles.supplement_config (jsonb) — 25 atleti su 41 lo hanno non vuoto,NULLA nel motore piano. La colonna viene SELEZIONATA da route-prep.ts:71 insieme al resto del profilo e poi mai usata da nessun ramo del generatore,"Profilo -> integratori (compilabile anche dall'atleta) — ProfilePageView.tsx:274,544","nulla sul piano. MA non e una colonna morta: NutritionPageView.tsx:1725 `const brands = record(profile?.supplement_config).selected_brands;` guida il catalogo Fueling, e modules/today/lib/build-today-events.ts:127 la legge per Oggi. Togliere il campo dalla select di route-prep e gratis; droppare la "
nessuno,viva,fdc_food_category_image — immagine di fallback per categoria (nessun pannello),superfici_admin,"public.fdc_food_category_image (25 righe: food_category, image_url)","E' la foto mostrata nel Piano quando l'alimento non ha un'immagine propria — ma SOLO per gli item risolti per chiave canonica (mappa byKey), non per quelli con fdc_id.",nessuna UI: nessuna route admin la scrive; si popola solo via SQL/storage,Cadono le foto di categoria: gli item senza immagine propria mostrerebbero l'icona generica. Nessun impatto sul piano.
nessuno,viva,nutrition_fdc_food_tags — tag di dieta/slot/famiglia usati dal motore vivo (nessun pannello),superfici_admin,"public.nutrition_fdc_food_tags (8107 righe): food_family, diet_profile, diet_exclude, slot_fit, macro_dominant, meal_course…","Determina quali alimenti del pool FDC generale sono ammessi per una dieta, per uno slot e per un ruolo. Governa anche le esclusioni per classe allergenica dell'atleta.",nessuna UI. Popolata da apps/web/scripts/classify-fdc-foods-batch.ts e classify-fdc-foods-ai-batch.ts,Cadrebbero filtro dieta ed esclusioni allergeniche sul pool FDC generale (i cibi del catalogo menù resterebbero coperti dai flag espliciti).
nessuno,viva,nutrition_fdc_foods — macro reali usate dal motore vivo (nessun pannello),superfici_admin,"public.nutrition_fdc_foods (8211 righe): kcal_100g, carbs_100g, protein_100g, fat_100g e micronutrienti",E' la fonte VERA delle macro per 100 g con cui il motore calcola i grammi di ogni alimento. Un errore qui si vede direttamente nel piatto dell'atleta.,"nessuna UI. Toccata in LETTURA da un solo endpoint admin (api/admin/menu-foods/route.ts:70, per validare il fdc_id) e popolata da script: apps/web/scripts/impor","Il motore non avrebbe piu' macro: e' il cuore del dato. Il buco vero e' l'opposto — manca la UI per correggerla, mentre esiste (inutile) quella per fdc_food."
nessuno,viva,nutrition_supplement_catalog — catalogo integratori mostrato all'atleta (nessun pannello),superfici_admin,"public.nutrition_supplement_catalog (48 righe: brand, product, category, product_url, image_url, format, functional_focus, timing, carbohydrate_g_per_serving, n","E' l'elenco di integratori/prodotti fueling che l'atleta si vede proporre, con ordine e stato attivo decisi riga per riga. Non entra nel piano alimentare (il motore non lo legge).",nessuna UI admin. Curabile solo via SQL. Consumato dalla pagina Nutrizione dell'atleta,L'elenco tornerebbe alla costante statica FUELING_PRODUCT_CATALOG (comportamento invariato ma non curabile senza deploy). E' l'unico dato nutrizionale curabile che non ha ne' pannello ne' motore.
nessuno,parziale,Numero di pasti preferito (preferred_meal_count),superfici_atleta,athlete_profiles.preferred_meal_count (integer),"E un fallback: se il giorno non ha meal_count_mode, e la distribuzione implica 6 pasti, forza 6 slot.",nessuna UI — nessun input lo scrive nel tab Alimentazione; ProfilePageView.tsx:545 lo invia da uno stato form che nessun campo modifica,Praticamente gratis dal punto di vista dell'atleta (non puo toccarla). Se sparisse resterebbe il default '4' di resolve-nutrition-diet-day.ts:421.
nessuno,parziale,Numero pasti preferito (athlete_profiles.preferred_meal_count),leve_morte,athlete_profiles.preferred_meal_count (colonna),"Quasi nulla: un solo effetto, convertire un giorno da 4 a 6 pasti se la distribuzione implica gia 6 pasti.","NESSUNA UI - default hardcoded '4' (ProfilePageView.tsx:173), riletto a :407 e salvato a :546","Praticamente nulla: e ridondante rispetto a meal_count_mode del giorno, e il suo valore non l'ha mai scelto un umano."
nessuno,parziale,"Parametri fueling manuali (CHO g/h, ml/h, sodio mg/h, durata e intensita' sessione, cofattore)",calcolo_automatico,"athlete_profiles.nutrition_config -> fueling {cho_g_h, fluid_ml_h, sodium_mg_h, session_duration_min, session_intensity_pct_ftp, cofactor}",cho_g_h sarebbe il target CHO/ora in seduta ma serve solo da ripiego quando il solver non produce un valore (cioe' senza allenamento). fluid_ml_h e sodium_mg_h alimentano pacchetti fueling e tessere operative. session_duration_min e session_intensity_pct_ftp valgono solo se il giorno non ha nessuna seduta. cofactor non e' letto da nulla.,"nessuna UI di modifica (caricati a NutritionPageView.tsx:1708-1715, riscritti a :2804-2809 e :2962-2967)","Praticamente gratis: nessuno puo' impostarli e in produzione sono tutti ai default. Va solo tenuto un valore di ripiego per il caso 'nessuna seduta', oppure si accetta che senza seduta non ci sia fueling. `cofactor` si puo' togliere subito."
nessuno,parziale,Strategia pasti (meal_strategy),leve_morte,nutrition_config.meal_strategy (25 profili) e nutrition_config.meal_plan.meal_strategy (0 profili),"Quasi nulla: e un secondo modo, legacy, di dire quanti pasti, usato solo se il giorno non e configurato in week_plan - cioe mai, con i dati attuali.","NESSUNA UI nel Profilo (default hardcoded '3-meals' a ProfilePageView.tsx:161, riletto :395, salvato :494); riscritta anche da NutritionPageView:2944 col botton",Va tolto insieme a readFromLegacyRoot e alle chiavi caloric_split/macro_split di radice: sono lo stesso blocco legacy.
nessuno,parziale,caloric_split e macro_split alla radice di nutrition_config (fallback legacy senza UI),leve_morte,athlete_profiles.nutrition_config.caloric_split e .macro_split (24 profili su 41),Sono il fallback di readFromLegacyRoot quando il giorno non e configurato in week_plan. Con i dati attuali quel ramo non si imbocca MAI.,NESSUNA - form.caloric_split_* e form.macro_*_pct esistono nello stato ma non hanno alcun input,"Va tolto insieme al ramo readFromLegacyRoot, altrimenti si rimuove il fallback lasciando il lettore. Nota: il sanitizer apps/web/lib/profile/sanitize-nutrition-config-percents.ts:35 (ROOT_PROTECTED_KEYS) li protegge come scelte del coach - protegge dei default."
nessuno,parziale,nutrition_config.meal_plan_engine — override motore per singolo atleta,superfici_admin,"athlete_profiles.nutrition_config (jsonb), chiave `meal_plan_engine`","In teoria fa girare un motore diverso per un singolo atleta (usato per il rollout shadow/QA). In pratica: stessa limitazione del flag globale, e nessun atleta lo ha impostato.",nessuna UI: nessun componente scrive questa chiave. Si imposta solo con SQL a mano,Nulla: e' gia' inutilizzata. E' il primo candidato alla cancellazione fra le leve di motore.
nessuno,inerte,Abilita in cucina (cooking_skill),leve_morte,athlete_profiles.nutrition_config.cooking_skill (25 profili),Nulla.,NESSUNA UI - default hardcoded 'intermediate' (ProfilePageView.tsx:175),Nulla.
nessuno,inerte,Fabbisogno giornaliero manuale legacy (daily_kcal),calcolo_automatico,athlete_profiles.nutrition_config -> meal_plan.daily_kcal,"Nulla in pratica. Sarebbe il fabbisogno impostato a mano (default 3000 kcal), usato solo se il solver non produce nulla — ma quando il solver non produce nulla il profilo non e' caricato, e senza profilo non ci sono nemmeno gli slot da riempire.",nessuna UI di modifica (solo lettura a NutritionPageView.tsx:1680),"Gratis. E' il residuo di una versione in cui il fabbisogno si scriveva a mano, oggi degradato a eco write-only del solver."
nessuno,inerte,Flag «giorno gara» alla radice della routine (routine_config.race_day),leve_morte,"athlete_profiles.routine_config.race_day (booleano, 25 profili)",Nulla. Il riconoscimento del giorno gara usa un'altra chiave (week_plan[giorno].day_mode).,"NESSUNA UI - default hardcoded 'false' (ProfilePageView.tsx:155), riletto a :389, salvato a :477",Nulla. Non era nemmeno la trappola che il mappatore temeva: non c'e nessuna spunta che l'atleta possa mettere.
nessuno,inerte,Obiettivo del piano (nutrition_plan.goal),schema_db,"nutrition_plan.goal (text, nullable) — 174 righe, tutte NULL",Nulla: è un campo di output previsto e mai riempito.,nessuna UI,"Niente. Nota: sarebbe il posto naturale dove registrare la scelta iper/normo/ipo del coach al momento della generazione, ed è vuoto — se il modello nuovo mette la direzione calorica in mano al coach, questa colonna è già pronta."
nessuno,inerte,Preferenza cibo fatto in casa (home_cooked_preference),leve_morte,athlete_profiles.nutrition_config.home_cooked_preference (25 profili),Nulla.,NESSUNA UI - default hardcoded true (ProfilePageView.tsx:176),Nulla.
nessuno,inerte,"Seconda seduta e orari/durata allenamento alla radice della routine (training_2, second_session, training_slot, training_duration_minutes, training_1)",leve_morte,athlete_profiles.routine_config.training_slot / .second_session / .training_duration_minutes / .training_1 / .training_2,"Nulla per la nutrizione. Il contesto allenamento del piano viene da planned_workouts (route-prep.ts:75-79) e, in subordine, da routine_config.week_plan[giorno].","NESSUNA UI - default hardcoded (ProfilePageView.tsx:153-160), riletti a :387-394, salvati a :475-489",Nulla per Nutrition. Verificare prima il dominio Training (non e questo dominio).
nessuno,inerte,"Tabelle piano legacy plurali (nutrition_plans, meals)",schema_db,"nutrition_plans (fra cui constraints_snapshot jsonb, kcal_target, carbs_g_target, proteins_g_target, fats_g_target) e meals — 0 righe entrambe",Nulla.,nessuna UI,Niente. Sono le «tabelle-trappola» che fanno sbagliare bersaglio a chi legge lo schema — droppare per prima cosa.
nessuno,inerte,Tempo di preparazione (prep_time_minutes),leve_morte,"athlete_profiles.nutrition_config.prep_time_minutes (25 profili su 41, cioe tutti quelli con nutrition_config)",Nulla. Nessuna ricetta viene scelta in base al tempo.,NESSUNA UI - non esiste alcun input; e un default hardcoded '45' (ProfilePageView.tsx:174) che fa round-trip DB->form->DB,Nulla. Nemmeno dati utente da salvare: il valore non l'ha mai scelto nessuno.
nessuno,inerte,Vincoli nutrizionali dedicati (tabella nutrition_constraints),schema_db,"nutrition_constraints.{diet_type, intolerances, allergies, excluded_foods, excluded_supplements, preferred_foods, preferred_meal_count, timing_constraints, adap","Nulla oggi: la tabella è vuota, quindi ogni lettura restituisce null.",nessuna UI di scrittura per i vincoli; l'unico write è NutritionPageView.tsx:3003 (upsert del solo adaptation_adherence_opt_in),Niente: 0 righe. È schema duplicato che fa sbagliare bersaglio a chi legge lo schema. Attenzione: NutritionPageView.tsx:3003 fa un upsert su questa tabella (l'opt-in adesione) — quel pezzo va spostato prima di droppare.
nessuno,inerte,caloric_split a livello giorno (alias legacy della distribuzione),schema_db,"athlete_profiles.nutrition_config -> week_plan[wd].caloric_split {breakfast_pct, lunch_pct, dinner_pct, snacks_pct}",Sarebbe un secondo modo di dire la distribuzione calorica dello stesso giorno; il resolver lo legge come alias se caloric_distribution manca.,nessuna UI,Niente. Ramo di compatibilità senza dati a cui applicarsi. Va tolto anche da DAY_PROTECTED_KEYS (sanitize-nutrition-config-percents.ts:32).
nessuno,inerte,meal_plan.caloric_split / meal_plan.macro_split / meal_plan.meal_strategy (legacy annidato),schema_db,"athlete_profiles.nutrition_config -> meal_plan.{caloric_split, macro_split, meal_strategy}","Ancora un altro livello di fallback per distribuzione, macro e numero pasti.",nessuna UI,Niente. Va tolto anche il blocco 2 di sanitize-nutrition-config-percents.ts:113-125 e MEAL_PLAN_PROTECTED_KEYS (:38).
nessuno,inerte,nutrition_config.meal_plan_engine — override per-atleta del motore (v1 | v2 | shadow | db),superfici_coach,athlete_profiles.nutrition_config -> meal_plan_engine (stringa),"In teoria cambierebbe il motore per quell'atleta, incluso il ramo `db` che compone il piano con una RPC Postgres.",NESSUNA. Nessun componente lo scrive: impostabile solo via SQL diretto,"Gratis, senza le riserve che il mappatore si teneva: la RPC alternativa non risolverebbe nulla."
nessuno,inerte,nutrition_slot_assembly — schema di assemblaggio pasto del motore Postgres,superfici_admin,"public.nutrition_slot_assembly (17 righe: slot, role_order, lever, slot_fit_tag, macro_tag, course_tag, target_density_100g)",Nulla oggi. Nel motore Postgres definirebbe quali ruoli compongono ogni pasto e con quale densita' target. Il V2 vivo ha lo stesso concetto ma cablato in TypeScript.,"nessuna UI, nessuna route, nessun file del repo la nomina","Nulla, purche' si elimini insieme tutto il motore Postgres (fn_select_food + generate_plan + fdc_food_tagged + nutrition_engine_config + il ramo engine='db' della route Next)."
nessuno,inerte,preferredFuelingBrands (marche di integratori preferite),contratto_motore,non persiste da nessuna parte,"nulla: nessun chiamante lo passa mai, quindi vale sempre []",nessuna UI,"nulla. NB: le marche preferite ESISTONO altrove (athlete_profiles.supplement_config.selected_brands, letto da NutritionPageView.tsx:1725 per il catalogo Fueling): questo campo e un doppione mai cablato"
nessuno,inerte,strategyKind (strategia esplicita: maintenance/load/deload/recovery/race/custom),contratto_motore,non persiste,"potrebbe scavalcare l'inferenza per regex da trainingDayLines e imporre il template macro g/kg. Nessun chiamante di produzione lo passa, quindi la strategia e SEMPRE dedotta dal testo",nessuna UI,nulla — ma e il punto di aggancio naturale se un giorno si volesse una leva esplicita al posto della regex sulle righe di training
sistema,viva,Aggiustamenti giornalieri (nutrition_daily_adjustment: reintegro / riduzione),schema_db,"nutrition_daily_adjustment (athlete_id, date, kind default 'reintegration', extra_kcal, extra_carbs_g, extra_water_ml, extra_supplements, reason, source) — 8 ri","Aggiunge (o toglie) kcal, carboidrati, acqua e integratori DOPO che il piano è stato generato: non modifica la generazione, modifica ciò che viene mostrato e sommato.",nessuna UI di impostazione; il risultato appare in Oggi e in Nutrizione,"Si perde il loop adattivo post-allenamento. Non è una manopola manuale: è automatismo, coerente con il modello nuovo. Ma va riparata la select prima di fidarsi dei numeri."
sistema,viva,BMR — cascata automatica a 3 metodi,calcolo_automatico,"athlete_profiles.weight_kg, height_cm, birth_date, sex, body_fat_pct (nessuna colonna per il BMR: ricalcolato ogni volta)","E' il fondo del fabbisogno. Con body_fat_pct presente usa Cunningham (500 + 22 x massa magra); senza, Mifflin-St Jeor; senza altezza/eta' cade su peso x 22; senza peso da' 0.","nessuna UI (input in Profilo -> Personale: peso, altezza, data nascita, sesso, massa grassa)","Non si puo' togliere. Semmai va tolta la scelta implicita dell'atleta di non inserire la massa grassa, che oggi cambia formula in silenzio (e con essa fa sparire la calibrazione atletica, vedi leva successiva)."
sistema,viva,Banda evidence CHO/ora e tier di capacita' (base / high / elite),calcolo_automatico,nessuna persistenza,"Mette pavimento e tetto fisiologico ai grammi di CHO/ora in seduta, indipendentemente dalla matematica calorica. Tier 'high' con >=75 min e (potenza >=250 W o FTP/kg >=4.2 o VO2max >=60); 'elite' con >=60 min, >=300 W e (FTP/kg >=4.8 o VO2max >=68).",nessuna UI di modifica (mostrata come banda '60-90 / 90-110 / 120-130 g/h'),Si perde la sicurezza fisiologica sul fueling: la pura matematica calorica puo' produrre 150+ g/h su sedute lunghe. Da NON togliere.
sistema,viva,Bundle Edge nutrition-v2-engine.mjs come copia del motore in-repo,leve_morte,/Users/antoninonocera/empathy/supabase/functions/generate-meal-plan/nutrition-v2-engine.mjs (9.595 righe committate),"E il motore che gira davvero. Se non lo si rigenera dopo un cambio ai sorgenti, il piano vero diverge dal codice che si legge.",nessuna,"Non si toglie: e il motore. Va pero trattato come artefatto di build e non come sorgente - oggi coincidono, ma nulla nel repo impedisce a un futuro cambio in apps/web/lib/nutrition/** di non essere ribuildato, e in quel caso primario e fallback girerebbero codice diverso in silenzio."
sistema,viva,Eseguito che sovrascrive il pianificato (giorno effettivo),calcolo_automatico,executed_workouts (duration_minutes / tss / kcal / trace_summary) vs planned_workouts,"Se esiste almeno un allenamento ESEGUITO con segnale energetico vero (TSS o kcal > 0), il fabbisogno del giorno si basa su quello e ignora il pianificato. Un eseguito 'stub' a zero non maschera il piano.",nessuna UI di scelta,Il piano resterebbe ancorato a cio' che era previsto anche dopo che l'atleta ha fatto altro. E' meta' dell'adattivita' del sistema (l'altra meta' e' il reintegro).
sistema,viva,Le due superfici coach (non esiste una «pagina coach» della nutrizione),superfici_coach,non persiste: e' il montaggio delle viste,"Determina COSA il coach vede. Il 90% delle manopole vive nel Profilo (tab Alimentazione -> Dieta); nella pagina Nutrizione il coach ha quasi nulla, perche' i controlli che sembrano suoi sono gated a platformAdminView.","apps/web/components/athlete-scope/ScopedAthleteModuleView.tsx:66-88 — /athletes/[athleteId]/nutrition monta NutritionPageView subRoute=""meal-plan"", /athletes/[a","Non e' una leva da togliere ma il contenitore da capire prima di togliere le altre: qualunque manopola si elimini, si elimina dal Profilo, non da Nutrizione. E il coach oggi non ha alcun controllo sulle voci del piano generato."
sistema,viva,Lettura del profilo atleta lato server (il guasto che governa tutto il resto),calcolo_automatico,athlete_profiles (query di lettura),"Il select fallisce e il motore server-side lavora su un atleta fantasma: peso 70 per il solver ma NULL per l'idratazione persistita, FTP 250, lifestyle 'moderate', Profilo Diet 'non configurato', diet_type nullo, esclusioni cibo dal DB perse, motore per-atleta non selezionabile. Nel percorso browser il danno e' mascherato (il server ricade sui target del client); nei percorsi headless il BMR viene",nessuna UI,"Non e' una leva da togliere, e' il presupposto di ogni misura. Ma la fix ha un effetto collaterale da governare PRIMA: appena il profilo torna leggibile, dietDay.configured diventa vero, build-meal-plan-v2-production.ts:119 smette di usare i target del client e passa a requirements.energy.mealsKcal "
sistema,viva,Orari pasto piatti di root (routine_config.meal_times),schema_db,"athlete_profiles.routine_config -> meal_times {breakfast, lunch, dinner, snack_am, snack_pm, snack_evening}","È il fallback PER CHIAVE quando un giorno del week_plan non ha quell'orario, e la base per il calcolo di soppressione spuntini.",nessuna UI dedicata (copia piatta scritta insieme al week_plan),Non è gratis: ogni giorno con un orario mancante ricadrebbe sui letterali hardcoded (07:30/13:00/20:00/10:30/16:30/22:30 in request-builder:48-53). Semmai va derivato dal week_plan invece che salvato in doppia copia.
sistema,viva,"Quota pasti vs fueling (mealTrainingFraction, default 40%)",calcolo_automatico,nessuna persistenza; puo' salire a 0.44/0.48 dai segnali recovery/bioenergetica,"Decide quanta energia della seduta finisce nei PASTI e quanta nella finestra peri-allenamento. Con 0.4 i pasti coprono BMR + lifestyle + 40% del training. Recupero scarso -> 0.48 (piu' cibo, meno gel).",nessuna UI di modifica (compare come riga di razionale),Il 60% dell'energia della seduta resterebbe non allocato o finirebbe tutto nei pasti: cambia sostanzialmente la dimensione dei pasti nei giorni lunghi.
sistema,viva,"Reintegro post-allenamento (loop adattivo, aggiunta)",calcolo_automatico,"nutrition_daily_adjustment (kind='reintegration', extra_kcal, extra_carbs_g, extra_water_ml, extra_supplements, source='device_active')","Gira il solver due volte, con e senza il consumo reale del device. Se la differenza sui pasti supera 150 kcal aggiunge un EXTRA sopra il piano: kcal = delta, carboidrati = 60% dell'extra / 4, acqua = (extra/600) x 700 ml arrotondata a 50, piu' elettroliti se acqua >= 900 ml e proteine se extra >= 400 kcal con allenamento. Reversibile.","Oggi, card aggiustamenti; nessun controllo di modifica","Si perde l'unico meccanismo che reagisce a 'oggi ho speso piu' del previsto'. MA VA TARATO: nel confronto il BMR si semplifica (stimato = BMR+L+0,4T, osservato = BMR+A-0,6T, delta = A-L-T) e resta fuori SOLO la quota lifestyle L, che con il profilo rotto e' 0. Verificato: 21ac881a (60 kg, 175 cm, 20"
sistema,viva,"Riduzione per allenamento saltato (loop adattivo, sottrazione)",calcolo_automatico,"nutrition_daily_adjustment (kind='reduction', extra_kcal negativo, source='skipped_workout')","Se un allenamento programmato ha la finestra oraria passata (orario + durata + 90 min di margine) e non ha un eseguito collegato, toglie dai pasti ANCORA DA CONSUMARE la quota-pasti attribuibile a quella seduta, capata dalla capacita' residua. Sotto 120 kcal non fa nulla. Reversibile.","Oggi, card aggiustamenti; nessun controllo","Il piano continuerebbe a proporre le calorie di un allenamento non fatto. Ma zero scritture in produzione: prima di tenerlo va capito perche' non scatta mai (senza orario in routine_config una seduta non viene MAI dichiarata saltata, reduction-run.ts:125 — e il routine_config lato server e' nullo)."
sistema,viva,"Ripianificazione settimanale automatica (martedi', settimana successiva)",calcolo_automatico,nutrition_plan / meal / meal_item (replace per data),"Rigenera i 7 giorni della settimana PROSSIMA (mai la corrente) per gli atleti con piano recente e diritto d'uso, applicando il fattore TDEE e accumulando la memoria di rotazione degli alimenti giorno per giorno.",nessuna UI (job),"Sparisce la generazione anticipata: l'atleta vedrebbe il piano solo aprendo la pagina. ATTENZIONE ALLA QUALITA': gira su profilo nullo, quindi BMR 0 e pasti ai grammi minimi del compositore — verificato su 21ac881a 2026-08-09 (nessun allenamento), dove i kcal_target persistiti 651/728/590/317 non de"
sistema,viva,Routine idratazione dentro il meal plan (formula parallela e divergente),calcolo_automatico,nessuna persistenza (solo nella risposta del piano),"Calcola un SECONDO totale giornaliero con una formula completamente diversa: max(2200, min(4200, kcalPasti x 0.62 + 1350)) piu' un extra allenamento di 720 ml fisso (o durata x 11 ml se legge i minuti dal testo delle righe allenamento), poi riscala le finestre orarie per farle tornare a quel totale.",Piano -> pannello finestre di idratazione (NutritionMealPlanView.tsx:475-478),"Sparisce il dettaglio delle finestre di bevuta con sodio/potassio/magnesio. Ma il totale che produce NON coincide con quello persistito in nutrition_plan.hydration_ml_target ne' con quello della card 'Quanto bere oggi': sono tre verita' diverse sulla stessa cosa, due delle quali nella stessa scherma"
sistema,viva,Seduta sintetica di ripiego (240 min all'86% FTP),calcolo_automatico,"nessuna persistenza diretta, ma il suo effetto FINISCE in nutrition_plan.hydration_ml_target","Se il V2 non trova sedute pianificate ma la request contiene righe di allenamento o slot soppressi, INVENTA una seduta di 4 ore all'86% dell'FTP. Con l'FTP di default 250 W sono ~2600 kcal di allenamento inventate e 2600 ml di idratazione extra.",nessuna UI,"Sparisce una seduta di 4 ore inventata che oggi gonfia l'idratazione di 2,6 litri per chiunque abbia solo allenamenti importati e nessun pianificato. Va sostituita con 'nessuna seduta' (zero fueling) oppure con la potenza derivata dal TSS, che il sistema sa gia' calcolare (day-reality-context.ts:80 "
sistema,viva,Slot soppressi automaticamente in finestra allenamento (suppressedSlots),leve_morte,nessuna (campo del request),Toglie davvero gli spuntini che cadrebbero dentro la seduta: quegli slot escono con items vuoti e totali a zero.,nessuna UI di impostazione (derivano da orari routine + sedute),Ricompaiono spuntini programmati durante l'allenamento. Da tenere.
sistema,viva,"Soppressione spuntini in finestra allenamento, pasto post-workout e slittamento pranzo",calcolo_automatico,nessuna persistenza (ricalcolato a ogni generazione da routine_config + planned_workouts),Se uno spuntino cade nella finestra di allenamento viene tolto dal piano (l'energia va nel fueling) e appare come 'Fueling in seduta'. Il primo pasto dopo la seduta viene marcato post-workout e composto di conseguenza. Il pranzo slitta in avanti se l'allenamento finisce tardi (gap 30 min).,nessuna UI (gli orari vengono da Profilo -> Routine),Si tornerebbe a proporre uno spuntino mentre l'atleta e' in bici. E' esattamente il tipo di intelligenza automatica che giustifica il prodotto.
sistema,viva,Tag dietetici degli alimenti (nutrition_fdc_food_tags.diet_profile / diet_exclude),schema_db,"nutrition_fdc_food_tags.{diet_profile, diet_exclude, food_family, meal_course, meal_role, macro_dominant, slot_fit, amino_profile, nutrient_density} — 8.107 rig",diet_profile decide quali alimenti entrano nel pool per il tipo di dieta; diet_exclude è il meccanismo con cui le classi allergeniche escluderebbero famiglie intere.,"nessuna UI (classificatore automatico, classifier_version = empathy_v2_rules_v1)",Si rompe l'intero motore V2 (i pool nascono da qui) e si perde la capacità di escludere per classe. Non è una manopola: è l'infrastruttura.
sistema,viva,athleteId,contratto_motore,non persiste come campo del request; e la chiave athlete_profiles.id e nutrition_plan.athlete_id,"identifica l'atleta e, con planDate, genera il seed FNV-1a che sposta l'ORDINE di preferenza dei pool staple: atleti diversi nello stesso giorno ricevono cibi diversi",nessuna UI (derivato da sessione/scope atleta) — /Users/antoninonocera/empathy/apps/web/modules/nutrition/views/NutritionPageView.tsx:2022,"impossibile: senza athleteId non c'e gate di accesso, ne persistenza, ne rotazione"
sistema,viva,"nutrientBoostTargets (micronutrienti da potenziare, dai cofattori dei pathway)",contratto_motore,non persiste,"cambia DAVVERO gli alimenti, ma SOLO su colazione e spuntini: applyPathwayAdvice fa max 1 aggiunta di alimento canonico mirato al nutriente sugli slot non-principali; su pranzo/cena produce solo note testuali. Alimenta inoltre il rollup target-vs-assunto del giorno",chip Boost richiesti nel piano; origine in modules/nutrition/views/sections/IntegrationSection.tsx,"spariscono gli alimenti aggiunti per micronutriente su colazione/spuntini, le note pathway sotto i pasti e il rollup target-vs-assunto"
sistema,viva,pathwayModulation (view model completo delle vie metaboliche attive),contratto_motore,non persiste,"due usi reali: decide a quale slot si applica ogni boost di nutriente, e alimenta il pianificatore giornaliero di integratori, che AGGIUNGE item agli slot",nessuna UI di input; calcolato in NutritionPageView e passato a request-builder.ts:279,spariscono gli item di integrazione dai pasti e i boost perdono la logica di quale pasto colpire
sistema,viva,performanceIntegration.fuelingChoScale (moltiplicatore CHO intra-seduta),contratto_motore,non persiste,"scala i grammi di CHO intra-seduta e quindi le kcal di fueling, che vengono SOTTRATTE dalle kcal pasti. Sposta energia tra finestra fueling e pasti",mostrato in NutritionPageView.tsx:1967 e nel pannello trasparenza fisiologia (origine: bioenergetica + recovery + diario),il CHO intra resta al valore da substrati puro; le kcal pasti cambiano di poco (clamp 0.82-1.12 in performance-integration-scaler.ts)
sistema,viva,suppressedSlots (pasti che cadono dentro la finestra di allenamento),contratto_motore,non persiste; il pasto soppresso semplicemente non viene scritto in `meal` (persist-v2-plan-to-db.ts:31 filtra gli slot senza item),lo slot esce vuoto dal composer e in UI diventa il placeholder Fueling in seduta che rimanda al modulo Fueling. Blocca anche l'applicazione dei boost pathway su quello slot,nessuna UI; calcolato in request-builder.ts:115-121 (computeSnackSlotsSuppressedByTrainingWindow) + slot soppressi da gara,il piano proporrebbe uno spuntino alle 10:30 nel mezzo di un long ride 9:00-13:30
sistema,viva,trainingDayLines (righe descrittive dell'allenamento del giorno),contratto_motore,non persiste; derivano da planned_workouts,"TRE cose reali: (1) determinano la strategia del giorno (maintenance/load/recovery/race) che sceglie il template CHO/PRO/FAT in g/kg; (2) solo SE il DB non ha planned_workouts, da queste righe si estraggono per regex potenza e durata; (3) fissano l'extra idratazione mostrato",nessuna UI diretta; costruite in NutritionPageView.tsx:1946 (trainingDayLinesForMealPlan) dal calendario training,"la strategia collassa sempre su maintenance (CHO 3-5 g/kg). Attenzione doppia: (a) il riconoscimento e per regex su testo IT/EN, fragile per costruzione; (b) daily-nutrition-requirements.ts:243-245 inventa una seduta finta da 240 min a 86% FTP se trainingDayLines e non vuoto ma nessuna regex ha matc"
sistema,viva,weeklyStapleCounts (memoria settimanale delle famiglie alimentari),contratto_motore,localStorage del browser + ricalcolata dal DB (loadWeeklyStapleCountsFromDb su nutrition_plan/meal/meal_item della settimana),"penalizza o esclude gli alimenti gia usati nella settimana: sopra la soglia MAX l'alimento e scartato (score -5000), sopra il target perde 120 punti, altrimenti -80 per uso. E il motore della varieta settimanale",nessuna UI; accumulata in localStorage (NutritionPageView.tsx:2066-2068) e fusa server-side dai piani gia persistiti della settimana ISO,il piano ripete gli stessi alimenti tutta la settimana
sistema,parziale,Calibrazione atletica del BMR da VO2max e FTP (+0..+5%),calcolo_automatico,"physiological_profiles.vo2max_ml_min_kg, physiological_profiles.ftp_watts",Alza il BMR fino al 5% per VO2max > 45 e/o FTP/kg > 3.2. Si applica SOLO nel ramo Mifflin: chi inserisce la massa grassa perde la calibrazione senza saperlo.,nessuna UI (VO2max/FTP vengono da Fisiologia),"Sparisce fino al 5% di BMR per i soli atleti senza massa grassa. Effetto piccolo ma asimmetrico tra atleti, cioe' peggio di un effetto nullo."
sistema,parziale,Dial di integrazione performance (recovery/bio -> nutrizione),calcolo_automatico,nessuna persistenza (ricalcolata a ogni load),"Sei dial automatici da bioenergetica, semaforo adattamento, contesto operativo training e diario: trainingEnergyScale (0.35-1.02), mealTrainingFraction (0.40/0.44/0.48), fuelingChoScale (0.82-1.12), proteinBiasPctPoints (0-6, tolti ai grassi), hydrationFloorMultiplier (1.00-1.12), sessionFluidMultiplier (1.00-1.08).","Nutrizione -> sezione Integrazione, solo righe di razionale; nessun controllo","Togliere trainingEnergyScale e hydrationFloorMultiplier: gratis, e anzi doveroso perche' oggi il prodotto STAMPA all'utente due modulazioni che non applica. Togliere gli altri quattro: si perde la modulazione su recupero e bioenergetica, cioe' il pezzo 'intelligente' che giustifica il prodotto."
sistema,parziale,Fattore di correzione TDEE settimanale (imparato dal device),calcolo_automatico,nessuna persistenza: calcolato al volo e usato solo dentro la run,"Confronta, sugli ultimi 7 giorni con dato device, il consumo osservato con il fabbisogno stimato e ne ricava un moltiplicatore (media dei rapporti, clamp 0.90-1.15, 2 decimali). Servono almeno 3 giorni con dato, altrimenti 1.0.",nessuna UI (visibile solo nella risposta JSON del cron),"Oggi si perde poco di affidabile. Ma e' l'unico pezzo di 'apprendimento' del sistema: prima si ripara (BMR reale + lifestyle) e si misura, poi si decide."
sistema,parziale,Filtro alimenti per profilo sulle opzioni di slot (filterIntelligentMealPlanRequestFoods),leve_morte,nessuna (trasformazione in memoria del request),"NON cambia un grammo di cibo scelto. Rimpicciolisce functionalFoodGroups/functionalTargets/foodCandidates, che pero l'enricher usa per scrivere le note di slot del piano (functionalBridge, slotCoherence, slotTimingRationale).",nessuna UI (deriva da allergie/intolleranze/esclusioni/dieta/fdcId esclusi),Il piano non cambia negli alimenti; cambiano le note di slot. ATTENZIONE (correzione al mappatore): questa funzione e l'UNICO consumatore di request.excludedFdcIds (riga 208) - togliendola sparisce anche l'ultimo ramo che usa i cibi esclusi per fdcId. NON confondere con buildMealPlanFoodDenyFragment
sistema,parziale,"Fueling da substrati V2 (RER, efficienza 0.24, frazione di rimpiazzo)",calcolo_automatico,nessuna persistenza,"Formula completamente diversa dal V1: stima quanti grammi di CHO e grassi bruci davvero (RER da %FTP: 0.82 sotto il 60%, fino a 1.02 sopra il 95%) e rimpiazza oralmente una frazione del solo CHO bruciato (45% in Z1/Z2, fino a 85% ad alta intensita'), con cap g/h per durata. Pre = peso x 0.35 g (20-70 g) se >=45 min; post = 22-38% del CHO bruciato. OGGI PERO' QUESTI NUMERI NON ARRIVANO NE' AL CIBO ",nessuna UI,"Oggi si perde una riga di disclaimer. Se prima si ripara la lettura profilo, invece, questo diventa il fueling reale e sostituisce le percentuali fisse del V1. Decidere QUALE dei due si tiene e' un prerequisito, non una conseguenza."
sistema,parziale,Il gate coach-vs-atleta sulle percentuali (UI + enforcement server),superfici_coach,non persiste: e' la regola. L'enforcement vive in apps/web/lib/profile/sanitize-nutrition-config-percents.ts,"Decide chi puo' muovere le percentuali. Se il chiamante non e' coach ne' platform admin, le chiavi protette vengono RIFORZATE ai valori del DB.","apps/web/modules/profile/views/ProfilePageView.tsx:95 `const canEditNutritionPercents = role === ""coach"" || adminScoped` -> passato a ProfileNutritionSection (:","E' l'unico punto in cui il prodotto esprime «questa e' una decisione del coach». Se il modello nuovo vuole dare al coach la leva calorica, il lavoro e' qui: aggiungere day_type_pct a DAY_PROTECTED_KEYS e mettere `disabled` sull'input :217. Senza quello, qualunque decisione del coach resta sovrascriv"
sistema,parziale,Orari pasto passati esplicitamente al motore (parametro mealTimes di buildMealPlanV2Production),leve_morte,nessuna,Poco: gli orari arrivano comunque dagli slot del request. Il parametro esplicito lo passa un solo chiamante su quattro.,nessuna,Nulla se gli slot portano gli orari. Ma i TRE set di default divergenti sono un doppione da unificare.
sistema,parziale,PAL — seconda formula per lo stesso lifestyle (1.25 / 1.4 / 1.55 / 1.75),calcolo_automatico,nessuna persistenza (costante in codice),"Il V2 scarta il lifestyle del V1 e lo rifa' come BMR x (PAL - 1). Su 'moderate' il V1 da' +20% del BMR, il PAL da' +40%: stesso atleta, stesso giorno, numero doppio.",nessuna UI,Oggi non si rompe nulla di visibile. Ma se si ripara la lettura profilo questa formula si accende e sostituisce quella del V1: il fabbisogno salta verso l'alto. Va risolta la doppia formula PRIMA di riparare il profilo.
sistema,parziale,Regole alimento-per-slot (applyMealSlotRulesToIntelligentMealPlanRequest),leve_morte,nessuna,Nulla sulla scelta del cibo. Dovrebbe impedire p.es. carne a colazione; nel piano vero quella coerenza la fanno MEAL_SLOT_ASSEMBLY e i pool staple.,nessuna UI,Nessun alimento cambia; cambiano solo le etichette funzionali di slot.
sistema,parziale,Split pre/intra/post del fueling (5/45/10%) modulato dal recupero,calcolo_automatico,nessuna persistenza,"Distribuisce le kcal di fueling attorno alla seduta. Recupero good 5/45/10, moderate 6/44/10, poor 8/40/12 (piu' pre e post, intra meno aggressivo).",nessuna UI,"Si perde la modulazione del fueling sul recupero, che pero' oggi copre solo il ramo browser. Impatto reale limitato."
sistema,parziale,TDEE osservato dal device (kcal attive reali),calcolo_automatico,device_sync_exports.payload (chiavi active_energy_kcal / active_calories / active_kilocalories / activeKilocalories / active_kilojoules),Quando presente il fabbisogno smette di essere stima e diventa BMR + kcal attive reali (che gia' contengono lifestyle e allenamento). Il fueling intra resta dal pianificato.,nessuna UI,"Si perde l'intero loop adattivo (reintegro, riduzione, correzione settimanale sono tutti costruiti sul delta osservato-stimato). E' l'unica cosa che rende il sistema 'adattivo'."
sistema,parziale,Target idratazione giornaliero (formula canonica),calcolo_automatico,nutrition_plan.hydration_ml_target,"base = max(2200 ml, peso x 33); extra allenamento = max(600 ml, ore x 650) SOLO se c'e' una seduta; a riposo l'extra e' 0. L'acqua del reintegro si somma dopo, lato superficie.",Nutrizione card 'Quanto bere oggi' e Oggi; nessun controllo di modifica,"La formula non ha manopole da togliere. Da togliere e' la DUPLICAZIONE: tre call-site che ricalcolano lo stesso numero con input diversi (peso vero nelle card, peso nullo nel persist). Una sola fonte, letta dal DB."
sistema,parziale,Tracciabilità degli input del piano (nutrition_plan.inputs_provenance),schema_db,"nutrition_plan.inputs_provenance (jsonb, default '{}')",Registra con quali parametri è stato generato il piano: sarebbe l'unico posto dove verificare a posteriori quali manopole hanno morso.,nessuna UI,"Niente in pratica, ma è la ragione per cui oggi non si può dimostrare DAL DB quali leve abbiano influenzato un piano V2: bisogna dedurlo dal codice. Se il proprietario vuole misurare l'effetto delle manopole prima di cancellarle, questo campo va riempito PRIMA."
sistema,parziale,"mealPlanSolverMeta.dailyMealsKcalTotal (kcal giornaliere pasti, dal client)",contratto_motore,"non persiste; il DB riceve i totali del solver V2, non questo","e l'UNICO numero che il client ancora impone: viene ridistribuito su tutti gli slot da reconcileMealPlanSlotsWithDiet usando la distribuzione DB, diventa slots[].targetKcal, e quei target riscalano le kcal degli item DOPO la composizione (senza toccare i grammi). Fissa anche il baseline idratazione mostrato",il totale delle card pasto in Nutrizione (NutritionPageView.tsx:1857 mealRows -> :1875 mealPlanCards),"le kcal a schermo diventerebbero quelle del solver V2, coerenti con i grammi e con il DB. Oggi la sua presenza e l'unica causa della doppia contabilita energetica"
sistema,parziale,"preferred_meal_count (numero pasti preferito, campo di profilo)",superfici_coach,"athlete_profiles.preferred_meal_count (integer, colonna esistente)","Tie-break: se il giorno risulta a 4 pasti ma la distribuzione «suggerisce» 6, con preferred_meal_count=6 il piano passa a 6 slot.","NESSUNA. Il campo vive nello stato del form (profile-form-state.ts:63), e' inizializzato a ""4"" (ProfilePageView.tsx:173), precaricato (:407) e salvato (:546), m","Gratis, e anzi va tolto: campo fantasma che puo' cambiare il numero di pasti a un atleta senza che nessuno capisca perche'."
sistema,parziale,slots[].targetKcal / targetCarbsG / targetProteinG / targetFatG,contratto_motore,non persiste come richiesto; meal.kcal_target/carbs_g_target/... contengono i TOTALI EFFETTIVI del composer V2,"in V2 servono in tre casi soltanto: (a) se Profile->Diet NON e configurato, diventano direttamente i budget del composer; (b) nel giorno gara sovrascrivono i budget dello slot di recovery; (c) SEMPRE riscalano le kcal degli item dopo la composizione, senza toccare i grammi",card pasto in Nutrizione (NutritionPageView.tsx:1875) — ma i valori inviati vengono RICALCOLATI server-side da Profile->Diet,"con Profile->Diet configurato (25 atleti su 41 hanno week_plan) la composizione non cambierebbe; cambierebbero le kcal a schermo, che tornerebbero coerenti con i grammi. Senza Diet configurato invece il motore perde i budget"
sistema,parziale,weeklyStapleCounts — secondo canale staplePenalty (per descrizione USDA),contratto_motore,stesso dato della leva precedente,"in teoria penalizza anche i pick dal pool FDC grezzo. In pratica la chiave usata e description.slice(0,40).toLowerCase() (descrizione USDA in inglese) mentre i conteggi sono su rotationKey (carb:pasta) o canonicalKey (pasta_dry): le chiavi non combaciano quasi mai, quindi la penalita vale 0",nessuna UI,nulla: e gia di fatto un no-op. E comunque il ramo pool-grezzo si attiva solo quando il catalogo menu DB non copre il pool (compose-meal-plan-v2.ts:154-155)
sistema,inerte,"Campi fantasma di nutrition_config e routine_config (prep_time_minutes, cooking_skill, home_cooked_preference, meal_strategy, training_slot, race_day radice, se",superfici_atleta,"athlete_profiles.nutrition_config.{prep_time_minutes,cooking_skill,home_cooked_preference,meal_strategy} e athlete_profiles.routine_config.{training_slot,race_d","Niente, con UNA eccezione: meal_strategy e davvero letto come fallback sul numero di pasti.",nessuna UI — nessuno di questi ha un input nel modale Profilo attuale; vivono solo nello stato del form e vengono riscritti a OGNI salvataggio,"Gratis, tranne meal_strategy che va tenuto (o migrato) perche e un fallback reale sul numero di pasti."
sistema,inerte,Inibitori aggregati da pathway (aggregateInhibitors),leve_morte,nessuna (campo del request),Nulla: vengono solo ricopiati nella risposta.,nessuna UI di impostazione (derivano dal modello pathway),Nulla nel piano.
sistema,inerte,LA LEVA INVISIBILE: la rilettura server-autorevole del profilo atleta (5 query rotte),superfici_coach,non persiste: sono le select su `athlete_profiles` che nominano `lifestyle_activity_class` e `ftp_watts`,"Dovrebbe rendere il server l'autorita' sui target del piano (reconcile-meal-plan-slots-with-diet.ts:1-4 dice testualmente che i target «devono seguire Profile -> Diet (DB), non un payload client obsoleto»). Poiche' fallisce, l'autorita' resta al browser: il piano riflette le leve del coach SOLO se qualcuno apre la pagina Nutrizione con quel profilo caricato. Dove non c'e' un browser (cron, loop ad",nessuna UI — e' l'infrastruttura su cui poggiano TUTTE le leve del coach,"Non si toglie: si ripara o si accetta. E' UNA riga per file (togliere le due colonne inesistenti e leggere lifestyle da routine_config). Finche' non e' riparata, ogni decisione basata su «questa leva e' viva» vale solo per il ramo browser. NOTA CHE IL MAPPATORE NON AVEVA: la riparazione riaccende an"
sistema,inerte,Lettura del profilo atleta dentro il motore (colonne fantasma lifestyle_activity_class + ftp_watts),leve_morte,athlete_profiles (sola lettura),"Dovrebbe portare al motore nutrition_config (Diet), routine_config (orari, gara), diet_type, peso, preferred_meal_count, esclusioni. Non porta nulla: il motore lavora su fallback (peso 70 kg per il solver e NULL per l'idratazione, FTP 250 W, Diet non configurata, dayTypePct 100).",nessuna UI - e la query che alimenta TUTTE le leve di Profilo sul lato server,"Non si toglie: si ripara o si accetta. ATTENZIONE, ripararla NON e neutro: riaccende in un colpo Diet server-side, classi allergeniche, day_type_pct e peso reale su TUTTI gli atleti, e cambia i piani anche a chi oggi va bene. Le stesse due colonne fantasma stanno in generate-meal-plan-v2-headless.ts"
sistema,inerte,"Loop adattivo nutrizione: reintegro post-allenamento, riduzione del giorno, correzione TDEE settimanale",superfici_coach,le run leggono athlete_profiles e scrivono gli aggiustamenti del piano; weekly-tdee-correction produce il fattore passato a generateAndPersistMealPlanV2 (weekly,"Dovrebbe: reintegrare kcal/carbo/acqua dopo una seduta piu' dura del previsto, ridurre il giorno corrente quando l'apporto e' gia' eccessivo, e correggere il TDEE «imparato» per la ripianificazione del martedi'. Oggi tutte e tre partono da un profilo vuoto.",nessuna UI di configurazione — gli esiti si vedono in Oggi (/api/today/route.ts:99 distingue kind 'reduction' | 'reintegration'),"Prima di decidere serve sapere che non e' mai stato acceso: non e' codice che «non serve», e' codice che non ha mai avuto la possibilita' di funzionare. La scelta e' fra ripararlo (una riga per file, come sopra) e cancellarlo consapevolmente. Cancellarlo credendo che sia una funzione fallita sarebbe"
sistema,inerte,Requisiti giornalieri V2 passati al composer e scartati (void requirements),leve_morte,nessuna,"Il composer riceve tutto il modello DailyNutritionRequirementsV2 (energia, substrati, fueling, strategia) e lo butta: compone solo sui budget di slot.",nessuna,Il parametro puo sparire dalla firma di composeMealPlanV2. Utile saperlo: chi volesse far reagire il piano a substrati/strategia intervenendo sul composer starebbe guardando un parametro scartato.
sistema,inerte,Strategia nutrizionale e macro g/kg (maintenance / load / deload / recovery / race),calcolo_automatico,nessuna persistenza,"NULLA sul cibo. Il V2 deduce una 'strategia' dal TESTO delle righe allenamento (race se gara, recovery se il testo contiene recovery/scarico/deload/riposo, load se contiene long/endurance/soglia/vo2/carbo-load, altrimenti maintenance), ne ricava CHO/PRO/FAT in g/kg e li mette in requirements.macros e dailyMacroTargetsGPerKg. Poi nessuno li usa per comporre.","solo lettura, pannello anteprima V2 (MealPlanV2PreviewPanel.tsx:65 e :73-78 e :95-96), montato a NutritionPageView.tsx:3419-3420 dietro NEXT_PUBLIC_MEAL_PLAN_V2",Nessun effetto sul piano generato. Spariscono due righe di testo e il pannello anteprima. E' la periodizzazione automatica piu' vistosa e piu' finta del sistema — e va tolta prima che qualcuno la scambi per una feature.
sistema,inerte,aggregateInhibitors (inibitori aggregati dai pathway),contratto_motore,non persiste; calcolato a runtime da pathway-modulation-model.ts:243,"NULLA. Calcolato, messo nel request, riemesso nella solverBasis, mostrato. Nessun composer lo legge",nessuna UI di input; compare solo nel pannello trasparenza,si perde una riga di trasparenza
sistema,inerte,applicationPlaybook -> mergePlaybookIntoMealPlanRequest (LEVA MANCANTE nella scheda),contratto_motore,non persiste nel piano,"NULLA sul piano generato. Inietta righe SOLO in tre campi gia inerti: contextLines, pathwayTimingLines, mealPlanSolverMeta.integrationLeverLines",nessuna UI di input diretta; il playbook e materializzato dal motore interpretazione e iniettato a NutritionPageView.tsx:2065,nulla sul piano. E il ponte interpretazione->nutrizione: oggi e puramente decorativo
sistema,inerte,caloric_split di root (distribuzione calorica «globale» legacy),schema_db,"athlete_profiles.nutrition_config -> caloric_split {breakfast_pct, lunch_pct, dinner_pct, snacks_pct}",Fallback della distribuzione calorica quando il giorno di week_plan non è configurato (ramo source='legacy_root').,"nessun campo dedicato; riletto/riscritto a ogni salvataggio (ProfilePageView.tsx:495-500, load a :396-399)",Niente in produzione.
sistema,inerte,"contextLines (diario, twin, recovery, direttive coach, playbook)",contratto_motore,non persiste,NULLA nel percorso V2. Non e letto da nessun composer e non e nemmeno ri-emesso: IntelligentMealPlanSolverBasis non ha il campo contextLines,"costruite in NutritionPageView.tsx:2048-2061 da diario alimentare, twin (glicogeno/readiness), recovery, pathway notes, direttiva nutrizionale, memoria validata",nulla sul percorso vivo. E il pezzo di payload piu costoso da costruire (diario+twin+recovery+direttive+playbook) e il piu completamente ignorato
sistema,inerte,macro_split di root (rapporti macro «globali» legacy),schema_db,"athlete_profiles.nutrition_config -> macro_split {carbs_pct, protein_pct, fat_pct}",Fallback dei macro giornalieri quando il giorno di week_plan non ha daily_macros.,"nessun campo dedicato nel form Diet; il valore viene riletto e riscritto a ogni salvataggio del Profilo (ProfilePageView.tsx:501-505 dallo stato form, caricato ",Niente in produzione. Va tolta anche da ROOT_PROTECTED_KEYS (sanitize-nutrition-config-percents.ts:35) e dalla scrittura ProfilePageView.tsx:501-505.
sistema,inerte,mealPlanSolverMeta.integrationLeverLines (leve di integrazione operativa),contratto_motore,non persiste,solo testo. Il motore ci appende righe proprie (route.ts:389-404 / edge index.ts:107-114) ma nessuno le legge,pannello trasparenza; costruite in NutritionPageView.tsx:1961-1972 dai dial performance,si perde la riga di trasparenza. ATTENZIONE: il campo e OBBLIGATORIO come array — route-prep.ts:204-210 rifiuta con 400 se mealPlanSolverMeta manca o integrationLeverLines non e un array
sistema,inerte,"mealTimes (parametro esplicito del motore, distinto dagli orari negli slot)",contratto_motore,non persiste,"quasi nulla: e solo il fallback di mealTimesFromRequest, e comunque il campo `time` prodotto viene scartato da resolveDietSlots. Lo passa solo il generatore headless (cron); ne la route Next ne la Edge Function lo valorizzano",nessuna UI,nulla
sistema,inerte,pathwayModulationActiveLabels (etichette leggibili dei pathway attivi),contratto_motore,non persiste,NULLA in V2: pura trasparenza,riga di trasparenza in NutritionMealPlanView,si perde la riga che spiega perche compaiono certi micronutrienti
sistema,inerte,pathwayTimingLines (righe timing dai pathway),contratto_motore,non persiste,"solo il testo slotTimingRationale sotto un pasto, e solo come TERZA scelta (se lo slot non ha un timingHalfLifeHint dai gruppi funzionali). Non tocca alimenti, grammi ne kcal",pannello trasparenza del piano,cambia solo una frase esplicativa sotto il pasto
sistema,inerte,"performanceIntegration — gli altri 5 dial (trainingEnergyScale, mealTrainingFraction, proteinBiasPctPoints, hydrationFloorMultiplier, sessionFluidMultiplier)",contratto_motore,non persiste,"NULLA dentro il motore piano V2. Il solver energetico V2 (daily-nutrition-requirements.ts:88-101) chiama computeNutritionDailyEnergyModel SENZA il parametro performanceIntegration, quindi i cinque dial non entrano mai. FUORI dal piano invece due sono vivi: sessionFluidMultiplier moltiplica i fluidi/ora del modulo Fueling e proteinBiasPctPoints pesa la scelta prodotto integrazione","NutritionPageView.tsx:1962-1970 (trasparenza), DashboardAthleteHubCard.tsx:305-326, BioenergeticTransparencyHubPageView.tsx:119-122",nulla sul piano generato. Ma NON sono eliminabili a cuor leggero: NutritionPageView.tsx:2380 `round(fluidMlPerHour * (nutritionPerformanceIntegration?.sessionFluidMultiplier ?? 1))` e integration-product-ui.ts:137 `if (ctx.proteinBiasPctPoints >= 2 && ...)` sono usi funzionali nel modulo Fueling
sistema,inerte,postWorkoutMealBySlot (marcatore: questo pasto cade dopo la seduta),contratto_motore,non persiste,"NULLA sul percorso V2 dei giorni normali. Viaggia nel dayCtx ma nessuna funzione del percorso V2 lo legge: i suoi tre lettori sono composeBreakfast/composeMainMeal/composeSnack del composer mediterraneo V1, che V2 non invoca mai",nessuna UI; calcolato in request-builder.ts:154-164 da routine + sedute pianificate,nulla nei giorni normali. Nel giorno gara viene impostato dal recovery post-gara (enrich-meal-plan-request-race-day.ts:159-161) ma li l'effetto arriva comunque per altra via (racePostRecovery)
sistema,inerte,routineDigest (digest testuale della routine del giorno),contratto_motore,non persiste; derivato da athlete_profiles.routine_config,solo testo: si appende alla frase riassuntiva del giorno,pannello trasparenza (riga Routine),"si perde la riga Routine nella trasparenza. NB: la routine NON e inerte in se — gli orari pasto e la finestra di allenamento agiscono per altre vie (suppressedSlots, reconcile scheduledTimeLocal)"
sistema,inerte,"slots[].foodCandidates (lista piatta di candidati, max 24 per slot)",contratto_motore,non persiste,"NULLA. Costruita, deduplicata, filtrata due volte, mai letta","nessuna UI; costruita in request-builder.ts:205-218,243","nulla. Il commento in intelligent-meal-plan-types.ts:86 lo definisce `Lista piatta ridondante per compatibilita / ricerca rapida nel prompt`: residuo dell'era LLM, che nel repo non esiste piu"
sistema,inerte,slots[].functionalFoodGroups (3-5 opzioni alimentari per funzione metabolica),contratto_motore,non persiste,"nessun alimento viene scelto da qui in V2. Sopravvivono due usi testuali: il prefisso Target funzionali (solver): ... davanti a ogni functionalBridge, e il timingHalfLifeHint come prima scelta per slotTimingRationale",nessuna UI di input; costruiti in request-builder.ts:220-226 con buildFunctionalFoodOptionGroupsForSlot (pathway + USDA),cambia solo il testo esplicativo. E il campo piu pesante del payload
sistema,inerte,slots[].functionalTargets (target funzionali per nutriente),contratto_motore,non persiste,"NULLA in V2. Costruiti, poi filtrati due volte (deny alimentare + regole di slot), poi mai letti",nessuna UI di input; costruiti in request-builder.ts:236-241 dalla pathway modulation,nulla sul piano; va tolto insieme a functionalFoodGroups
sistema,inerte,supplement_config selezionato nella query del motore,leve_morte,athlete_profiles.supplement_config (chiesto al DB e mai toccato),Nulla: e una colonna in piu nel .select e basta.,nessuna,"Nulla - anzi, una colonna in meno da chiedere quando si riparera il select."
